login,password
gkillingbeck0@google.com.au,zY6>V~'lj0f
wquinn1@businesswire.com,uN7|oEb_Rf#&!7K}
tpuckham2@disqus.com,kV2'JwR$V`@fH4
asanbroke3@flickr.com,"qZ1)6,~5X"
dseabridge4@cbslocal.com,"kL6#""6v&EpBNkW+z"
kcholwell5@google.nl,hZ9{z=C'!3BS
cbeilby6@dyndns.org,wW8{q)/}7IycIj
dgiannazzi7@ovh.net,rV9()jjL
bwiddowson8@dagondesign.com,dZ7<w8NdcM~g
creightley9@taobao.com,zQ4.z{|Qh}LB?mM5
echristophersena@google.co.jp,jH0?tyn2B6Q%
bloutheaneb@joomla.org,nD0(AYdZI>
kkleinplatzc@google.com.au,qF3|t<L=M
ogypsond@themeforest.net,yU8>gw{|kP
rspinigee@exblog.jp,uJ8}Vcg5IgkJ
nrallsf@qq.com,rO8)p?#b
cmurking@google.ru,"vB9/9uzuLRU5,eL"
fupchurchh@chronoengine.com,mO1=*6mMY5H
nstanworthi@economist.com,jX1/4zgV!HEvARe3
ktitcumbj@php.net,iU7.{8\U
adossetterk@ovh.net,"fW5""d$7<z"
estockbridgel@weebly.com,"rY1!w(K=5ssEp""C"
cconkeym@360.cn,fN1$H'Za<OI=V%
dgrisbrookn@sakura.ne.jp,"iH7,0Np)PK4*fGvF"
dsydneyo@pbs.org,lW6'HV=T7wfR
amowettp@slashdot.org,pQ0/k?<~P4Bl
apeasemanq@drupal.org,"lM6""WJ4#S"
jjobeyr@adobe.com,wV3??_9.CP(ipmmR
sormonds@google.ca,xG5@L9Sn
ahowardt@hao123.com,tN3/tl1OLiH~J#r
gtorticeu@meetup.com,"gW9{9,_vr11G"
rberntssenv@spotify.com,"kP5~6HD,"
credholesw@hibu.com,kM0_n)keT
efawsonx@columbia.edu,xV6>4NWhob
ccoatey@utexas.edu,wT4`6y(=N5*<@!$S
llatheez@usgs.gov,hF3!>/M5
areddie10@weibo.com,aE9{qpS%I#L&c
mmaccrossan11@wikimedia.org,nU8}+KtwvwS_4
mgarrould12@bigcartel.com,vV8}T6$i.v{`Nl
slangham13@desdev.cn,jC9{E<7c\KNHfN
jneesham14@domainmarket.com,"mC6@Nc7khr|,"
wmeachen15@smh.com.au,zK9+Mtg`VeGM&
cpark16@cornell.edu,"mJ1"")3\v""(7|$"
atommis17@taobao.com,aQ7!6K\jMShlaMq
emerrydew18@usa.gov,yV8<=(A090Z4
evedenichev19@engadget.com,xA2$M6Qs5fPI)
mbortolutti1a@twitter.com,sC6$WW)n3O
jbettenay1b@aboutads.info,"uH2#|Qc*r1a""hKf"
gbacksal1c@state.gov,sW3(grfxF80!7+
lglanister1d@hexun.com,aN0|VF<HEz3
nsalzburg1e@hp.com,"oZ9""w2~YsO|"
ibennington1f@webmd.com,"oQ1=3Zv""1bi\9="
apond1g@newsvine.com,cG5(u{HlK~Wo
rgilchrist1h@ucla.edu,sG4/ee5mooqT
kbarczynski1i@multiply.com,cB8)'01Ekr
mgoulborn1j@forbes.com,iW2&r/Q\'
okeeling1k@gizmodo.com,sI5*.5IH
cspurrior1l@microsoft.com,"tV7<.\YM!6""pUow"
emoubray1m@google.com.br,bC4=gqegec8~b@e
slongmuir1n@ft.com,tW0|Kyx$
clorentzen1o@youtube.com,pP4}o{5P
dgaye1p@cargocollective.com,"cF8"")*eP1rv0#="
alievesley1q@dagondesign.com,iX9_g37Y$V
hfetherstone1r@ycombinator.com,mY5$w<h?xd8
cleinweber1s@chronoengine.com,"eE7=c""mxI,N"
ascamal1t@yahoo.co.jp,tY6)dgR.m
vhanretty1u@canalblog.com,"qX5,`%qnbDc_,t$"
gkupisz1v@jiathis.com,qP5<2bzq}W3556q+
hcroutear1w@themeforest.net,rQ7'x&{M{
blefebre1x@illinois.edu,mP5\$Z0/A}f
bbothwell1y@hatena.ne.jp,uK6)F_AAZit}>>=
sglanert1z@examiner.com,"lS4?0ru,\"
ebisatt20@w3.org,bT4_/f3$BT?e!/
ntuckwell21@umn.edu,oJ8#~3UY8kP
rcrohan22@zimbio.com,aS2+tEjFDt
nfresson23@usgs.gov,xI2{FVsf3i
vkington24@pinterest.com,mO6@XT(c_
rharget25@princeton.edu,"eZ4|YoY.""V=d%5\"
ifarmar26@mediafire.com,pG8#0|n`In'
clangmead27@opera.com,jB0<lBpdLtyPr
pscud28@devhub.com,"lM6,%,F9"
bmcelvine29@chronoengine.com,xC1!MTnJ
iandre2a@cocolog-nifty.com,uO6?`Xv$j)0+R8
spidwell2b@google.cn,kS6_4?aa
cpanswick2c@sun.com,"iJ8,aL.=GXgdd"
soats2d@sphinn.com,"wC3,*h<IgNPUm#,g"
ddoull2e@eventbrite.com,"qX1&k+?%""|eaZ"
dcornbill2f@ed.gov,"yK6=#b#UL_""wW%"
glisciandri2g@icio.us,"bV1,*7)~J4I2j/M"
fjagson2h@multiply.com,zT3@\DTg~
bbacop2i@lulu.com,"aR9@}l,MaUoPg(<"
fferres2j@walmart.com,sA3%Nn3Ckb
kgrigoliis2k@wikipedia.org,lE5>ec>*3goGx
kmatterdace2l@mapquest.com,yO8$xSpA
koroan2m@tinypic.com,uM9=UiMN@*QD
eautin2n@nih.gov,iR5('{okwZ(
cverni2o@pinterest.com,"cP1>&\KX1l=jx,<F"
ghedderly2p@networkadvertising.org,"qG2<Hm<"""
tbotler2q@tinypic.com,uC4<XsD?~
ppenburton2r@bizjournals.com,tQ4./c#o*Np
jsives2s@cbslocal.com,cQ8/Q$`ok.0
asquelch2t@reference.com,"mT1@~pv,YgpS)Be$"
fmacmichael2u@answers.com,cR1.KG*ryowx
cadolfsen2v@adobe.com,fE8.wU>0
wpurches2w@51.la,jK1#B2?Hprn%l0L
adecruze2x@cocolog-nifty.com,"fP5""aL.Yxu/+"
eirvin2y@diigo.com,kV5{$4)U#}x
bspary2z@go.com,"eJ7+vx#1J,,"
slambourne30@businessinsider.com,uG3.ShlS@W1*$lp
ccaudle31@spotify.com,"sO9}`cymbmXrPC,L"
doakman32@marketwatch.com,nK5|nrR<sXLOZ
pboor33@who.int,eC9_1I9)&j
rtows34@usgs.gov,"eE2,*?tk"
lcreyke35@tuttocitta.it,cU5=E1GVnr
cellerby36@epa.gov,fI1#@Fi$A+
rwaddington37@unesco.org,kA7!(N5#ILC.$u
chindrick38@google.co.jp,tK0@D08LTA
atrimmill39@github.com,rA8}&zMLVZ>2Wf3
kgimblett3a@webnode.com,aQ1(l~Esy|
bgrundon3b@tinypic.com,gP5<y<5hej
acabel3c@discovery.com,vZ1'%QYMPvi
gdewsnap3d@devhub.com,zI3?pNHd7RYrLXpB
fgudger3e@statcounter.com,nP9%=9$&Z{'
epallister3f@irs.gov,yI8`E?7Pv
qmaccague3g@nyu.edu,pD9!=x{?ms
hmanna3h@xrea.com,jX4$HFZUN
rjanaszewski3i@google.es,"yB3,YZcR_NBw{V"
lgrealish3j@flavors.me,bD7!pR&6
ukermitt3k@gravatar.com,oK2%R0X8s#X3'6!
mdeville3l@ox.ac.uk,oP4{>dJ'1pS2
rspence3m@topsy.com,cG9'5@Kgk_\ef}
bbrymham3n@jigsy.com,qT5%e_BUpvP
bmurphy3o@parallels.com,fZ7&hMr~
mpeplow3p@imdb.com,sL0?1SDIXKH
jteese3q@mozilla.com,xL5#X9)(FqmA*
acopping3r@canalblog.com,dS8#?C''znjS
dlerner3s@artisteer.com,yH9`oQ||
ntrimbey3t@sciencedaily.com,zW8#>Ii~
fivoshin3u@nhs.uk,hM4!V49V7M'_
sspradbery3v@nhs.uk,nF2|oD8.RiHp<
tcavnor3w@webmd.com,rE7\h@G0lbGdr
hdeer3x@usatoday.com,fF3'0w+7
ekendrick3y@mapy.cz,"oS9_S""nA<)D*On"
rvalentinuzzi3z@elegantthemes.com,qO9?$Ejwv
rvedenyapin40@answers.com,"wF3}""!0Uc"
jmactague41@digg.com,"iN0""@'%$"
atwinbrow42@noaa.gov,eO4+#(XEZ}DEt=l
bjeayes43@arstechnica.com,"zH0/""6Ty_3p.xpq"
gbygraves44@skyrock.com,oD8(mMle1
ctitt45@cdc.gov,kP0<>%sUUilSaFRi
dtomczak46@kickstarter.com,qQ1=o5BF.|Gz1Dh
hwhitmell47@epa.gov,cF4/(91)rF2Wstw
bshotton48@pagesperso-orange.fr,vI2(#wW!
tmuckersie49@yellowbook.com,fU9)iCA{OHu~I
kmuldowney4a@about.me,jP5=fB>+0g3
rkytley4b@ox.ac.uk,sL6#{O%L
csieve4c@ucoz.com,fK4!1@h/7f!j
bstummeyer4d@wunderground.com,qF6`G31rBXhP
lfraser4e@blinklist.com,"qX1|fw}j*bmp0&""z"
askrine4f@instagram.com,oU0'_'YL1
htran4g@list-manage.com,aZ8&+sY+WrdfLl8
jmorby4h@miibeian.gov.cn,"hY4<U?0""i?Fi`"
gvincent4i@unblog.fr,rZ8_OK2pO`{>a
jreames4j@elegantthemes.com,xY6>ps7NAB
skennet4k@tmall.com,"hV3=fC@,,k"
vocullen4l@walmart.com,"aE3*Ka?""ld>bb"
clanglois4m@nps.gov,gP6_AObF~u(?F
esybry4n@nsw.gov.au,vN0#=xLTMj
bgoodayle4o@toplist.cz,oD8?Wf0Wm
thutcheon4p@paginegialle.it,gA2)mU2eQ
fthaim4q@ft.com,sT3>Ck%AO<>
aschelle4r@yahoo.co.jp,zI8|=e%@C!tVXl(S
imccaskill4s@prlog.org,"eK6_7G""5=rNa"
fsawyers4t@msu.edu,vP5?TAzQ$MU
adanels4u@multiply.com,yR4+BC26sG5/VO
jcrawforth4v@nasa.gov,hG2?._.B_W}'IPx
lsabbatier4w@hexun.com,sL1)rr8kQER
hbowness4x@amazon.com,lO8#IF=}_
tleestut4y@thetimes.co.uk,tS4~fk3eTj!R
jkleine4z@networkadvertising.org,kA4@>`YU(H3
klocket50@cisco.com,pX1_crX1`|M|swpQ
cseamarke51@jiathis.com,oO7>glY(Xtxhofn
estearns52@vk.com,"uE3,n!_r"
hmaxwaile53@cyberchimps.com,hC6(D{/Xb@
mwalbrun54@yolasite.com,dC3$$8m|rW%\n
nepton55@comcast.net,bJ6#uD((
dmadelin56@histats.com,cE3'ga3#j@M+Y
cglas57@wufoo.com,bB5%{)+9z%Ycde
lblemings58@purevolume.com,lT8$z&7Jt
caiton59@go.com,"tI5},1SC"
rharme5a@google.com.hk,iH0>Qz7$NGTIh
cwinsor5b@dion.ne.jp,pP9(>6r~(oz9dZZ
ovassano5c@umich.edu,fL2!}Yl5ES`
edimitru5d@webeden.co.uk,eD6>LK/W}T'iU
cvallentine5e@last.fm,hZ3|U+Hw\%
rferentz5f@is.gd,pT0~.UP`bHXOr
sguye5g@vinaora.com,"uS1.}9p9""#ztgleX"
vstiegar5h@ucoz.com,eM3*O|y{d&
haltoft5i@wordpress.org,aS1>4}|`mQ@@
erenzini5j@comsenz.com,xW2)tO5j5f2
atichelaar5k@nydailynews.com,zZ9/3}OTpNS'Alkv
mtimpany5l@google.es,aD8_cc9|(w
obroske5m@w3.org,"xQ4""G|CPOVN_YF`!"
pnowlan5n@reverbnation.com,"bS7#,Y10""kax`6y"
jburk5o@thetimes.co.uk,cH1(vX.9!=e
sfyndon5p@cargocollective.com,aW6@elK}Ba&5qc|
tnormadell5q@ihg.com,qV0\s8DAO{Xf)L%
ccraddock5r@redcross.org,aB4}E?XVxYedp*
esallier5s@shinystat.com,"yS6(""""YbVj"
jcorrington5t@tiny.cc,bP6}AiLOeKQp
snorthbridge5u@nhs.uk,tQ8&5B<j7w+TSg)s
hfellows5v@wsj.com,uY1}n7`vyhXLnZ
bdescoffier5w@abc.net.au,dD0$<6ya|%
rsquibe5x@merriam-webster.com,"oS6,2YR>A$>K)9"
rsallows5y@cbc.ca,dW3\Zi8vDYURVL
lolijve5z@4shared.com,gP4}qcFx_(M8~ts
vcammack60@ucoz.com,zJ0'gh/3+CrkzWA
cbiggins61@si.edu,zS7>+e`o`6
gcraw62@aboutads.info,yR3~_@_p4V
cgoodenough63@last.fm,bD9+x|ck='Ie.u
asarch64@booking.com,gA5%9@NQygS*slqx
ecottesford65@seesaa.net,"bB6,"",*JP$Tm"""
tpraton66@reuters.com,"wU9*0pd""R}0x8{#i"
mrawsen67@trellian.com,cM0&dFM/5
pmcclements68@dyndns.org,hT3?&h#VO@t3qwV
cfresson69@hibu.com,fZ2}9fKi&ejc93
missakov6a@youtu.be,kC0/FCUyzJ5>*Z
bhitchens6b@sphinn.com,tJ9|7&~f
qcranch6c@noaa.gov,"sP2$(!,v9dz+4"
cdoyly6d@ca.gov,"lR5\JmyN7Lq,i>"
lsussans6e@free.fr,wY4%y<ap|b%lTN
hchallin6f@ca.gov,sM7(u2gF%z?}sO
eebbs6g@theguardian.com,aW0>4u0u+T2*h4
cloch6h@comsenz.com,lA1=pP1xe!
sbogges6i@economist.com,cC7&&G|ZM5q5=&%1
bpatriche6j@mysql.com,mL7|NI(7
kclaydon6k@cbslocal.com,cW3%W$ql2
wtiltman6l@g.co,oU0/t8|3n>$m*|0
jdocket6m@1688.com,zT8\{J9q
ckinvan6n@guardian.co.uk,"kC7,nb*_5Xzvu"
cosmant6o@aboutads.info,"eL1~Zu2w""M8I'%Ot"
babbotts6p@va.gov,dQ9|!'(pvgWf8H
sgayle6q@wsj.com,"wZ0,0<\Uuuo"
raronowitz6r@simplemachines.org,aX9>J8Q*6%a'PK54
kbeetles6s@spotify.com,pV9|ps0fX
hcadman6t@utexas.edu,"gL4""un3S8d~""L"
jbulled6u@cam.ac.uk,"oF5\T1,GZ"
ejammes6v@earthlink.net,"qQ6""Bi?qjhQtB"
ajacobowitz6w@cmu.edu,sB8}ds/*
dclymer6x@usgs.gov,dD5_tO|Wxqm}rj
ptimoney6y@ebay.co.uk,mR0`ZG_\C49
atrouncer6z@usgs.gov,yI9>d/ps3\1G
lgourdon70@fc2.com,"lM3$,OUn.ccyiFI>"
tdefilippis71@sciencedaily.com,zS0/og5\<eb
acrallan72@telegraph.co.uk,oT6`F%v$lAlsx
jtommasetti73@skyrock.com,gS1}l2tjuxE(
amcclunaghan74@china.com.cn,"oY9""q\ju__l"
dlawty75@dailymotion.com,qY6`<.XR3Rry%
aouldcott76@theatlantic.com,"dR0_2(<5Zc,5,"
emcgarva77@zdnet.com,"iV8=,R7Z"
lcattell78@geocities.com,hQ3'nx06x2QI7V
bbaptist79@reuters.com,aY8=x5)?IHaJ~mb
mowbrick7a@sohu.com,yX4|6.KUVW{NB>
tleggin7b@skype.com,iM3=eABz127)Lm
rsiddele7c@google.ca,mH6>j/`K
sblunkett7d@census.gov,qS4)jUWe#`!&YjjW
idequincey7e@free.fr,"hE2""8jzxfTG{2E"
dgiacopello7f@yahoo.com,wC0`G*tyzCX/
aweddeburn7g@creativecommons.org,"bE7?mU,hluAz7AqS"
hascraft7h@typepad.com,xD4*+j6C_/q
escambler7i@histats.com,mX7~>2my
jbenoist7j@home.pl,lT1?6EEQHg
oolyonov7k@ihg.com,gK4!Xkkhf5WCP
ikleinhandler7l@freewebs.com,oX9=ug$lP
yponnsett7m@wikipedia.org,rV3@WWY9<*?0mv!D
dhainge7n@google.com.hk,uZ3'fNPKy$B+mpQh
gkelf7o@archive.org,sE1)u*LE)~n2Or
iwestrey7p@oakley.com,yM5&Wo5|2\r
blohde7q@eepurl.com,bW3|+Tl*+
ktrazzi7r@flickr.com,dQ9=zM28t5J
dnaismith7s@irs.gov,"mL3?LM`,)9"
iwhorall7t@geocities.com,jR4{!7{@M8
scroall7u@wunderground.com,rX9?1_~L.&'*xpI
kreily7v@marketwatch.com,kC8&dtcs
gshanks7w@dagondesign.com,wU7@d_B!mK&)&p
dbrandolini7x@answers.com,cY1\BYz4%u
gmatthius7y@ft.com,sC5+jT{G
knoteyoung7z@home.pl,jJ3%v~@&<
uthwaite80@xrea.com,"bF4=c=+rcu=wp.,"
pschowenburg81@devhub.com,"dO0""xJNH"
blaybourne82@latimes.com,yR5`xf/mp+/
fessel83@indiatimes.com,xI6+wg>u7|?b7!N
kbulger84@cdc.gov,tG9!&t~f
kbowlands85@alibaba.com,iI6(@)y'%N\F
hgoodwell86@rambler.ru,vL4@DUV<B&2
rhowman87@pinterest.com,"dY6+Jn`k&2""eE"
smackley88@webs.com,mN6)H36FE<hyh&
eewence89@senate.gov,gA3@t9WR&_
kpedrick8a@ucoz.ru,"bM4)N,cN=gv}"
cbudden8b@photobucket.com,fV0*\82)W(&P
fschole8c@alexa.com,mT0(!yjLx`
fdanilishin8d@gnu.org,"rN9>kR""Cri=?t"
ldiamond8e@msu.edu,fV3{.MdlKPG5
lbontein8f@surveymonkey.com,rS9\tF?j/1
edancy8g@yandex.ru,wZ2%8{ygd<P!Au
cpedden8h@shop-pro.jp,"yR2""loPX"
memblow8i@wordpress.com,qN3/L_E0OUJLW9G
lspindler8j@cbc.ca,"jO9'2gX.T?""eaJ)"
kbolles8k@google.fr,zX2\M4!X=%O
ejeanet8l@chron.com,bH6~8.>KNRG6~Wt*
gpigram8m@gravatar.com,pU9!OA&uL
mpayn8n@uiuc.edu,gT5<$$_uP
lmemmory8o@about.me,qC6<sgzY5{
mmcandrew8p@whitehouse.gov,oD6?Ok0c*JRc6%Z+
smcneigh8q@hao123.com,hB1!l7c(D/Jbt
edaeth8r@exblog.jp,hL4|$r'V9h>i
elinbohm8s@spotify.com,fF5_J$e~6KjLa7
lguenther8t@ezinearticles.com,iV1|t29BRGIcw=7r
drowlett8u@fastcompany.com,aT6'bO&K~
gmallabund8v@squidoo.com,nF6.BKTc{m
gburnapp8w@nifty.com,eF6@#si?G3#0U\I
htidder8x@pinterest.com,gU6'/8K<vdS\
dsalmond8y@twitter.com,zJ6\>!0E7u!
syateman8z@eventbrite.com,qR9!z3#M)fO'2C
mborzone90@linkedin.com,dO6/X*>3>@bvR
dcapsey91@tuttocitta.it,mS6<Z?=ETS*P7FH
bdenis92@nature.com,fS9+7WtqmXNvK
jcandy93@kickstarter.com,dU6#Q8hsLO
ccreevy94@cornell.edu,yB2`%Ynmx6qD4
scarlick95@reuters.com,"qM0\""1|zGj?3"
ftissiman96@toplist.cz,fC4`Cz.>5
amcgeraghty97@bravesites.com,pS9<}By&w.Ro/h
isenchenko98@usatoday.com,"gC0.GG<E>vlFY.t"""
rsambrok99@imageshack.us,"rU7+$*.,<q\""Mg"
ldumphries9a@mtv.com,mF1}mK9c|SxI
tbeazer9b@sohu.com,fA3$rC=CNLBeb
rbrecon9c@bandcamp.com,sP4~?TIf_?d4d
sblackhurst9d@nba.com,mU6<<.7*z(_V
lbrockley9e@intel.com,oU2&%5z%N
badelsberg9f@merriam-webster.com,"tS7`gy/Wj'"""
kfanthom9g@elegantthemes.com,rZ3@Z!I4
aleverington9h@yandex.ru,rC3/l0COfi99
cboyan9i@qq.com,qB6(T4WjyO
btrimbey9j@dell.com,"hF9""\OY4g+\XuI"
bdunican9k@toplist.cz,wB1~jagL#yf
cbeachem9l@gravatar.com,cB3#|Z6LI<W(zmj
gkadwallider9m@ask.com,kS9$VAJzd
cmawd9n@google.co.jp,"oM3""(dQQp_rRxz"
kpigram9o@163.com,yJ9!~1oQPUP
hsaffill9p@addthis.com,"xA8,4&ocFK%\"
eblackbrough9q@arstechnica.com,vU0!@xO$HD$d
ccansdill9r@fc2.com,yK3&+3v@
vgrabiec9s@plala.or.jp,hM3*5de_>
gfortye9t@bigcartel.com,lK2?AVED9Bb9
wliveing9u@zimbio.com,aE2'>PJv0
fstredwick9v@webnode.com,pF3~rmBYt3{kg
gantonowicz9w@linkedin.com,oF1'p'de#/Arx
wswine9x@nbcnews.com,rF8*mbJJ+w/
rvandenoord9y@google.com,mH9+(K*d.(rUYlA
bgunson9z@people.com.cn,"fO5%hD@,A3s*@1"
mlatimera0@a8.net,zO8._.fU
icurneena1@fotki.com,yV0_\eeVTn4L.
wwhertona2@youku.com,"pF8~F),'s"
smincinia3@harvard.edu,cW6`U`|EJpM
rgreensidea4@va.gov,kJ3?r8ARg06
esearsa5@china.com.cn,dO5.SL>JFI3tOc0
neskrigga6@dot.gov,pG9<&a(\g
ddargavela7@smugmug.com,"mZ0.N""J\*~$"
vedmundsona8@indiegogo.com,bP0*a)3%
nghelardia9@plala.or.jp,"fP1,I8?t6s"
hhavvockaa@paypal.com,fK9?qX(oIj/4XH
sjerwoodab@nydailynews.com,eB0<yzZn_Njd<L|W
chundyac@bing.com,"hG5$v+T,$e<"
bfustad@simplemachines.org,uU8@@?6OdjW#
jollinae@tinypic.com,qB0@O}aZjr7
tmaidenaf@t-online.de,"jD0\D|zf""Tp@%"
moxbieag@tiny.cc,aR0*oU)~6d
thassallah@youtu.be,pF5!x&yU<
lcharlestonai@jimdo.com,"yN2,V\1oW<`01&=<"
khammantaj@com.com,oC2>zSkVL|_x
ablincoak@fastcompany.com,dO4%h(L=s
olapishal@hostgator.com,sS7!+G5#}af
ebarrattam@unc.edu,iO5{>O8(fq
kroyalan@newyorker.com,"tC8?es*sLb8F>P"""
lferoao@answers.com,qV1{!x`(4@0(.g)
arimbaultap@icio.us,lL1#=fvi8szp
plyndeaq@mediafire.com,lT0>y6kVFy_k_2iW
epassbyar@1und1.de,uL9.AmnI0l``sVG
lpettyfaras@dell.com,eU2%BV~a
dthorburnat@intel.com,mM6#x@Tf_<8
atwallinau@storify.com,"dN1?)7""p/W>gEy"
cscutterav@prweb.com,wI8%S.cf2}eIh|V$
mbowickaw@cornell.edu,bW8>7f5Ru&2Al1
sfloatax@deliciousdays.com,tU8#+hwe=3Q&5U|k
opinaray@va.gov,iP5(BcGY.+IYtfUT
bcaffinaz@ted.com,"bH6_W.qUMw"""
cewenceb0@un.org,"mU8<b.?BG,4U>wD"
mximenezb1@wp.com,bP7`R|M/K'Vm
mwalderb2@illinois.edu,"lO6!4V2""pfa&D>j"
pvillaretb3@oracle.com,jH1&dph)=S(VbK
oberfordb4@forbes.com,"aG2""L`6tv}j&lzm`"
drastallb5@ovh.net,nS3_GJ0VK5
sraspisonb6@shareasale.com,sM9}&|?xFApO)1f
lcartmailb7@merriam-webster.com,bC3$UA&wF2ITUW
sblunsumb8@reuters.com,"wA3_0\/{.,0a69p"
tcressyb9@nationalgeographic.com,nE8>%xSqVpXe/VB=
pjanssensba@prweb.com,zY3\pdSI>Z73<L
yrandalstonbb@scribd.com,aX1#Y1t5G2C/$7
amckennanbc@cocolog-nifty.com,eY0~fYK=Q|\Wc
lkarranbd@smugmug.com,cF0!'zX)lQxKRt
afeldererbe@adobe.com,sF7'q+tE.MRgF
ewynrahamebf@aol.com,iP2).\tM(8bz
dfarnishbg@google.ca,uH4!|NOYU4oS
rtolertonbh@hubpages.com,vC5&hj=V
lbowcherbi@twitter.com,"vD5~mQ""r4`%uaW"
klorekbj@nyu.edu,xE0`MKrHSUb/
egodbybk@soup.io,bY2&{cPEpf<d*Vm3
csangarbl@newyorker.com,jA7{StHs'3J|a9
grushmarebm@salon.com,"zM7,nMZA/jc6S@v="
aforseithbn@youku.com,jT2)FV8Lo6XZ
tcharlonbo@nytimes.com,"qY6{bH0'4""T5G|"
sheavybp@xing.com,cI4!5YH19W*
sschwandermannbq@soundcloud.com,tR9{(5MMEK
jaudusbr@chron.com,tH0!UlP=U
dpattisonbs@businessweek.com,uS4_8=A&i#
jkneafseybt@irs.gov,"wJ3""vV1c6he6`(h"
bcrossmanbu@wikispaces.com,"qQ1}.X9,i\cgT"
rbaldassibv@opensource.org,kR0&Cc|v&X*t*
nfolkebw@histats.com,xV2_l|tu5n
ssnarttbx@pagesperso-orange.fr,mF1|O{>#jY$GJh}
nalleyneby@meetup.com,hL6#|U9H&1$9
adobbingbz@baidu.com,mR8)apW+=Blg9=n
lmarlinc0@msu.edu,wP3~?Tyr%C
clundbechc1@sina.com.cn,rY6($OL+#rz
cmcdouglec2@163.com,cU1_=o<5Qhh>70
bscrutonc3@hao123.com,qI3+kGCsA1
lmariaudc4@google.ru,oC0@@'v!8
llemonnierc5@amazonaws.com,zP7{J4.!dEEkV!hR
emadgettc6@seattletimes.com,tA8#u0hK
mellphc7@example.com,kS3{isw23.p$2'~3
hlegueyc8@europa.eu,"rO5#r""oH"
rforestallc9@buzzfeed.com,"pS2{46*L,@jMRHhE"
ddecruzca@people.com.cn,wM2)m2~g!JBwk`P
hgermanncb@ca.gov,sB9_Ci0J<3'%h
crawlinscc@economist.com,vV0~vs<n$BE~x4*3
gbonhomecd@360.cn,yE1)YLbDYb
mhuelince@omniture.com,hM5!4{my?Q
ldunsfordcf@uol.com.br,iK1)'x9vL(p
eglascottcg@freewebs.com,"hB9/&k""8w32k"
thumch@dell.com,fY3.ph2cyKB#j
mampsci@sina.com.cn,mU7(|0=t
rcurringtoncj@trellian.com,oH5#LqlCIRD\wE=
mdenoreck@google.ca,zL8$'>a}o
gguerreaucl@house.gov,kA8~}0?a
ewhiteheadcm@barnesandnoble.com,bA5@t`'GD
ldalglishcn@w3.org,rU6&$=.60R
eeasumco@amazon.co.jp,eS5?~SI=
avinsoncp@livejournal.com,oI9\3jern
jfairpoolcq@economist.com,"jY4""KKy%|"
tjorczykcr@theguardian.com,"tH9,4c~k=v@Wo!D"
cfrickecs@gmpg.org,tP6)>UJfB)B{
gpuntct@spotify.com,"cP6{t`\$lh(""_P3i"
spygottcu@pinterest.com,bK8+&#}e
oengleycv@huffingtonpost.com,"oJ5&&#,A=VoZeMA"
bkelwaybambercw@samsung.com,lO6@|f&+`is64z?
lstannerscx@salon.com,jT9#PE{iKt
bpownallcy@spotify.com,"oD7,1L8Wc`4zN\CS"
mhenriccz@uol.com.br,kY5(U53tlF8=
jtrittend0@oaic.gov.au,gG5$&PtLG8
cjillionsd1@wp.com,qE1<0*6#}Y`x`!
ktaffurellid2@telegraph.co.uk,wL4~?FfuE<gpL{
evinecombed3@omniture.com,dO9\p)8e+nx
cakersd4@indiegogo.com,qY0.Hi`y{r}B
esnawdend5@prlog.org,nV3{K9tL=vx0
mmckilroed6@disqus.com,dY0~+'F=lW
rhowchind7@imageshack.us,gP3!!WIMZw
pheberdend8@amazonaws.com,"sI3,Xr7tyH#="
rcampanelled9@harvard.edu,"xQ9,8_g|Dy\"
ooleninda@blogger.com,lF9<fsimy`W}
zmountstephendb@facebook.com,mE2@tox`z@jU
jwrettumdc@oracle.com,wE9.T)OvWs
ahendrichdd@trellian.com,vN2.$J}GfEI$
agallyde@delicious.com,bL7(qJDk
ccaffindf@miibeian.gov.cn,tM0&pF5|bU
mhapgooddg@mapquest.com,"wH9=""9!6=\?+"""
cvalancedh@friendfeed.com,nI3(0.U5l#4{?{u
jhothersalldi@google.nl,sW4#tuK?sy02V+
edeakandj@fotki.com,"yT4#\jN7V,gM"
lfeldbaudk@miitbeian.gov.cn,bB0!{cat}n1xGe&
kpetrollidl@sciencedirect.com,vA3<7!}J
cmckertondm@bbb.org,yG7<6ig7reFk
gbradforddn@indiegogo.com,jN8<{OiL59u
vsaicedo@youtu.be,cR0~!I9m
awurzdp@devhub.com,"cE9#12i,0"
rtuftdq@networksolutions.com,mM2'|2e|S
mdounbaredr@accuweather.com,zJ9(kN\o&`>
cyearsleyds@harvard.edu,hW7!uyO8u
fbeddingdt@adobe.com,yS2=/_jzV7SZ
llamonbydu@cloudflare.com,tV7~+&4ym*!
fpappsdv@home.pl,uA7_G<?01IRQOL
tardlingdw@google.fr,rK6<XQ8|D!
lcouserdx@si.edu,gB5_4v04
bbrahmdy@biglobe.ne.jp,tJ0$YWfV=IA>
bdewintondz@wsj.com,"bL8""/LC(5X#nL{y*"
ebudgette0@skype.com,"fA1""RZ_du1x#_\UM"
hlissandree1@goo.ne.jp,"xX4`O,9SA"
amacgeaneye2@independent.co.uk,dW5_Mj$~tY!!9{%N
mwillgoosee3@printfriendly.com,pM3.mqa#_*
hnewlinge4@cornell.edu,tB9)8P.Il0o~k
oecclestonee5@desdev.cn,mM9}o>Ukxr
dstigerse6@smugmug.com,uK7{uEwHQWqM2
rmacaskiee7@sciencedirect.com,yL3)mRjCb9$$(
cballoche8@topsy.com,yQ6<o6x|MUxYDp$H
dscrutone9@businessweek.com,hB8+ATXoh9>Jt~@
gfilewoodea@dedecms.com,hZ2/?iNk|
vlereeb@bizjournals.com,aP4\DLSyJQ}=Z
lbrazearec@twitter.com,yV3%0NPp1SN}g7
tmaddersed@pinterest.com,aB0+2HgtqO*#u
bguerreauee@4shared.com,jO8=.$LzxY){n}t#
ptrayhornef@bluehost.com,eU3`0yND
ktraileg@home.pl,qB6@IVTYdqz{
dcroppeh@pinterest.com,aT4#56N(Yu
awhatsonei@fastcompany.com,mE6)@UP/7$v!9l.W
kletsonej@epa.gov,nQ5{seaY7bW_5Ro7
pspraggsek@cbc.ca,qE6(i`SU)IX>cUiN
ahawtonel@people.com.cn,vB3}|uR7tUDj\
ddahlborgem@unicef.org,"vS6>vuy(ty&r,%W"
dcominsen@cbsnews.com,uV9_}6YK8Ezpi
emilberryeo@statcounter.com,wQ0.U%X#82`
bwheelerep@narod.ru,sW6+e++WFsp+LoX
slookereq@epa.gov,gZ8+o%nuM5Y
bbastianer@apple.com,pK6_'Gem5KT*jnKR
droutes@scientificamerican.com,gH7!bV#J5u
rdancyet@sakura.ne.jp,"rC7*3+mX%F,A"
dweddeburnscrimgeoureu@furl.net,pW6!M@6ZP4''fQ
gdedhamev@biblegateway.com,vF0!<@xzJ
limlawew@mail.ru,eO8!BS'pUZ#hqr
kbutlerex@upenn.edu,oZ7<JC@TZIGls
mchalfantey@dropbox.com,"zD3`GNuU""j&I*xgN"
jscotchbourougeez@wikipedia.org,"iA7,+4wW"
tsponf0@nationalgeographic.com,"gA9~s+PN%&d,+YE"
lgilfillanf1@state.gov,oO8/YlAvP3=a
snorganf2@cnet.com,bS1`LON~o%m20
fladewigf3@prnewswire.com,nG2_fv%lX$RV@l?
egalleyf4@netvibes.com,qQ4}Btf0U
hsandilandf5@fotki.com,"kF5~""XvXgJ"
pdanbyf6@ucsd.edu,rB1`h?ioVp@
wsavagef7@ucla.edu,mS8<}U2{~E*4
grakestrawf8@list-manage.com,qY8*DS'Vkxd|Ey
nalpinef9@foxnews.com,kS3=IK{9o_H
lbrainfa@zimbio.com,"aP4!'1%,~hxk}FY"
gpoppyfb@tinypic.com,wW0?1lKVyXm|!
cpietsmafc@merriam-webster.com,"xI5}C_D,"
tshorefd@netlog.com,"rN7,cN)y!K/s%c"
jwishkarfe@auda.org.au,oL2$N%w7Qc/
kgeorgeouff@addthis.com,tO2%2hw*ni4A
thartillfg@google.ca,hG2)WBG%#*
vleelfh@scribd.com,aO5+1X=D&8\(HQ
fdenyukinfi@tinyurl.com,yH7)Ct9MQWOg
btraisefj@japanpost.jp,nC5&9RQghrQ
atomsafk@google.nl,tR2$AE|?h
awormaldfl@pinterest.com,gF3$KwgZ
wduckerfm@ted.com,wI7~/'1Ew
jburtwistlefn@netlog.com,vN6#LYEU_N4
bhabornfo@techcrunch.com,jF4!J%u}
esphinxefp@usatoday.com,gW0&eB5NkVbC
wfeavearyearfq@cbsnews.com,"wP4@d$@k$""S>`1"
fjoburnfr@jimdo.com,iJ1`b`6Tw#yk
mnewcomfs@cnbc.com,dQ2&cgrIpdJ
dswaloweft@angelfire.com,uW0'9ItclD8)
elevefu@ocn.ne.jp,"tJ0'C`krq""!"
badamskyfv@economist.com,pQ9>|d=DGC
cgrishenkovfw@zimbio.com,tE8/Z&>v?A
areinmarfx@sohu.com,iG8.FIqmLmogM
klyddiardfy@prlog.org,wU8&kZ<s_1
crousbyfz@comsenz.com,yR0?aI_h
mrabbageg0@bbc.co.uk,nH0&2mZXXbNj%!m
mduncombeg1@google.co.jp,tT9)kexvFi/p4FMc
apreatorg2@earthlink.net,"aG0>&vn,RX"
sbellringerg3@whitehouse.gov,tR6.s'_~Wm=QD1B
rkirmondg4@foxnews.com,kB8~>/`cq?PGB
dtoong5@walmart.com,yB9_E272bNR(*'uA
mbartosiakg6@java.com,jK5`T%m(
mroafg7@theglobeandmail.com,kA9+N1>TWjI+%ji
aclineckg8@ebay.com,vY3{J'XXbKXN8N
svasyaevg9@simplemachines.org,"wS5%mL*uw_'""+4"
ebillesga@fotki.com,cS9`9H95n\y$dzm
ddailegb@csmonitor.com,"rO8,5%G'}"
rmcmichaelgc@odnoklassniki.ru,mL4{r`MZ4
marchanbaultgd@example.com,aP0>arWK_T{O6R
aclaquege@a8.net,tG4|}.jf73HDS@
drawlinsongf@instagram.com,fC6|nO/h5
kocorhanegg@tiny.cc,"vW5/S3wx?,JBH"
pmazellagh@newyorker.com,oQ6?=k)y1f~
jrapsongi@goodreads.com,eB2/Xhjf
bchallensgj@tripod.com,uD9_X/+v.
khurlegk@squarespace.com,"kO3+4""I7B)'c|K\e"
lverbruggegl@jalbum.net,xR7)#2cL07cvh`
bchaucergm@mapy.cz,wT8=JG{t
mansticegn@clickbank.net,tZ5~k&J\qpo(6(
broddellgo@arizona.edu,sN2+RD43
gcatenotgp@unesco.org,bW3#u(=bRNYWow
bcleughgq@paginegialle.it,cI7#8I``
cmarunchakgr@kickstarter.com,fZ4\}ou/G+&Gr2l
rdeasongs@dell.com,nH6/yyYF
mglasbygt@upenn.edu,"pE4,9Af2{BW)r{96"
ijosephsongu@myspace.com,rL5_lta6H@'
wbeagleygv@omniture.com,rP5*(vZzOjxNh
ddavidovitsgw@marriott.com,rU0\0B5xT)Kf>
mvasyukovgx@economist.com,wD5'xyA}>l5QfH$
pmantrippgy@mysql.com,hJ9~D6@7\<m=e
ggarthsidegz@bandcamp.com,"sJ7<""UIss"
dcaslaneh0@slideshare.net,"mQ2,/__roAt5F{I"""
dticknerh1@hibu.com,wR4_cGRfhh
mbreitlingh2@surveymonkey.com,rP9'pWDw7!r`6
kbarbrookh3@istockphoto.com,zO0+g#Te@HJ
mreckush4@github.com,aJ2=c&z~=W~
tmaccaugheyh5@phoca.cz,bY7{)N3_%k_G
ohowenh6@php.net,wA3@o4bu|$
mpennellsh7@ca.gov,pB7{|Z=w@#?b8n
cponsfordh8@cisco.com,sW3$s>z9q'I
tkaysh9@ehow.com,fU1_qPSEwpkNakOW
pburbankha@indiegogo.com,"gX3@ykSo,y"
jmixonhb@bloglovin.com,"nT4,lz+d1F3Dv"
mwaithhc@eventbrite.com,fN2)I=r%W?
pkepphd@about.com,uM2.Fq'g{GE
eprosserhe@google.it,lL3?1fS?Xw
sruddockhf@fc2.com,qV9)K/!$(
mkobuhg@unc.edu,uS3|VBoM=x~1H
bvenediktovhh@msu.edu,"vL9,n3bRf)$"
garnelyhi@mac.com,jM3$3>1K%
hromehj@stanford.edu,"qW8""So(s3dA,s6l"
tphillippohk@csmonitor.com,oS7@6u=/_Sb#
amartensenhl@cloudflare.com,vC2`U09s!lXQ'ee
daddeyhm@bluehost.com,vZ5|GTpH{KhDxtYK
mantonichhn@bbb.org,cF5#VJbUEPlLGJ
iborrellho@ucoz.com,dL3~$L3m|xR
mmacekhp@who.int,"rD5')(EtcP2Ez,wQ"
lfennessyhq@rakuten.co.jp,hU8_0Vtj
estannardhr@hibu.com,kA4}1@#Lm+$M
acrosswaitehs@chron.com,tC1.~E+KZ
mwrennht@behance.net,bM8=9Eu#
eachromovhu@multiply.com,bK5$}%)X`'$Fs(Hr
bnurseyhv@abc.net.au,dJ0_$FVZ8{I\=v
jcostarhw@latimes.com,cI8*60OAuk4FY_?
lsimonittohx@newyorker.com,yW5{o0aI1(aU
bgingerhy@sbwire.com,"gU4,5+|@(kr"
dantrimhz@dot.gov,yG3.3HWDRHoIZ>
tfaugueli0@reverbnation.com,fZ5~29V2w2d
rcottisfordi1@wikimedia.org,zA2{H/>3)#PAkFb
bbriskeri2@google.com,lF0>+fI5vSr.
stutilli3@jigsy.com,xW1_E6~Gf
nkissocki4@mediafire.com,wL7#gN{ENuUM@
sslanei5@myspace.com,xF6{A.y\vj
cgumeyi6@friendfeed.com,"wU2&b~1qcX`qF,x\"
kluttyi7@nifty.com,mD1)uQ~a#ECrm
jvennarti8@mozilla.com,"bU9.&z)6fRm""aP"
esimei9@sbwire.com,tA4`I}x%#yntap
adoorlyia@sun.com,"nE1,Lh0W.eE)cNWu"
bweightib@yahoo.co.jp,aA4).%%06
lroukeic@quantcast.com,"pP7/.VRxL,oG>J7"
ctrevenuid@msu.edu,"vK3)?JTR,{<?*6m"
scrightenie@ox.ac.uk,"mM4\P,ihD<VPo0"
etethcoteif@ow.ly,gE5|2iG|wUN
acluckieig@ehow.com,aF0=C$9YBI
cesselih@globo.com,yY6_@ZmWyu
mdannettii@chron.com,pW1*$G1.chET%Zp
badamij@independent.co.uk,rP2\Sm/Fo$QyvH8/
bnavarroik@guardian.co.uk,"jT8#mdW63FQd,f"
efavellil@infoseek.co.jp,zT8(15Qi$sQcD
lpallasim@state.tx.us,aE8=\r|h4_
dirlamin@newyorker.com,pZ8~gunjkXFZQ
otrubshaweio@sakura.ne.jp,"sJ1~,v/fMGRw)n4"
ofassumip@twitpic.com,pI7$EC8R|`kV*f+
iwithinshawiq@elegantthemes.com,cF3>sus>sKb
astallebrassir@dmoz.org,kG5*pEh$K2PEhT9~
aconyardis@eventbrite.com,zU9+Gt!Y
tsielyit@fastcompany.com,fM3&0Y_9~
psatterfittiu@so-net.ne.jp,qP5\%_NObWc
mphillippiv@plala.or.jp,cA3=x269$r3A
sjollyiw@tmall.com,"iV8$>9@=U(3{,7W"
akirkwoodix@diigo.com,vC5{uqb4/Z~i!|
ieckhardiy@bloomberg.com,"oG8""Nfyz"
igofordiz@google.de,"mZ7""phm<sXh"
hclemontsj0@virginia.edu,"sQ7(""9z.2gKz4#"
jpudseyj1@php.net,eK3{x@q'k/+r~TFh
smountainj2@youtube.com,eE4$yq\>Y9yZLb_
vcleoburyj3@ftc.gov,rN1=FN)0
gpanterj4@nymag.com,bL1<=w*1*b=A
cmeritj5@whitehouse.gov,bZ9.@~hD9N!z
sparrissj6@edublogs.org,qQ0<|%lDxbq$+
lwynterj7@disqus.com,jF4%{4RB)VX<rDO
bkitchenhamj8@prweb.com,"gM6<2(rFCb!a""mOU"
clittlejohnj9@engadget.com,kC2_V`LbZ'RDCL
candrzejowskija@pagesperso-orange.fr,oG3+{EdIQ(M$ct
lmcilwreathjb@bing.com,vV7~wn_h{
hstodartjc@unesco.org,jZ9<_HWr#
bdringjd@ted.com,"qG6,4>q)&glv)"
mtithacottje@bizjournals.com,eT0?}kyPekB
jharriganjf@arizona.edu,zL8#|FVy
awabersinkejg@omniture.com,bM4'R(kyU$dkxPKY
udastjh@vimeo.com,cH6+9epfALM.a>Qj
pcahillji@moonfruit.com,"mJ5=!`X""Q|3"
sgimbletjj@biglobe.ne.jp,cB9#*!>(/{oFA#
tpersejk@homestead.com,"tP6."")zyfar&ugOM"
psewardjl@bravesites.com,fX9?}|%MjM
elouisjm@aboutads.info,"dM1+Fr,0s"
lmaginnjn@1und1.de,"nU8,tjb(qY""QL3"
mverseyjo@networkadvertising.org,jT6$tb`bBU.
gmaclachlanjp@vk.com,qW8'Q@SEMEbz
bboswelljq@weebly.com,eP3.6\'rW|
rgilmanjr@hostgator.com,vG3?*XvA6g5+z
gklimontovichjs@spotify.com,oU8{=H|jB
csallanjt@barnesandnoble.com,"dI1,monnY"
aalldrittju@ifeng.com,mN9`XU=HY+Q\
zdowniejv@npr.org,"vZ1?xh2}6""MXv?"
nclementjw@cyberchimps.com,"cM8*M}=p9za""V<)"
nwagnerjx@hibu.com,gU6.CjA|gn@20
afoldsjy@biglobe.ne.jp,lC2.04fy
xyouingsjz@smh.com.au,"zO7_,ikf"
scameratik0@scientificamerican.com,jB0+)v4mD{WreF=H
jwolfek1@1688.com,jF0(TW6beM
lgramerk2@cafepress.com,wZ8*Dk4{x
imerietk3@webnode.com,bY4.Jt0|>
cblewettk4@craigslist.org,"yL4\9sZVS0H""9"
tportressk5@is.gd,"zX2{/s/_}A,"
litzakk6@java.com,"wC4(""V$`)L"
aprattenk7@list-manage.com,"fJ5?o""Zaud!M_<"
rmapledorumk8@artisteer.com,"zY4""+P2hg"
crozenbaumk9@time.com,uF0%CAwYHSl
nschukraftka@boston.com,jR8|!0C1'$aSl6x>
ttilbykb@slashdot.org,cV3+}9u=2TV
zharrimankc@va.gov,pB7!rnOi6pdPe
esewardkd@plala.or.jp,"rI0""=uoGKt"
rsudyke@sitemeter.com,xY1{HS`T+Mk<S|R$
wcollipkf@symantec.com,"lI9{8z)rq,<uZSo"
dsheardownkg@tripadvisor.com,uS9=<G!D4/
swhartonkh@yahoo.com,"yP7>cR""ENZ@e"
clarchierki@sakura.ne.jp,dT9~?)ap@Izy`j
afludgatekj@microsoft.com,rQ2\1}OXZ1L|G)
ncappellkk@abc.net.au,bZ8*<j0kr7zsm7+j
jgrunwallkl@berkeley.edu,fR4<1+T4A
kmccambroiskm@cbslocal.com,pT5>G}~{*Ln
hcowlandkn@soup.io,xT7`8zf4q>1
ccursonko@smugmug.com,rR9'QFbZ+r
rmarsykp@biglobe.ne.jp,dN0)2n'K3%{g4bk
cbruckentkq@apple.com,lN8_O7jE=|J
dselbykr@slideshare.net,sO1#}1{F
pcotilardks@home.pl,iD3#IbB.AI
fyakushkinkt@springer.com,pN6{h+Txr
gphebyku@hud.gov,nG3\OTor+UuL$$
pcundictkv@topsy.com,xM3)fosdR
pgaiterkw@bandcamp.com,cW5<bInl%Pa'
mureykx@bizjournals.com,pX9@@u)S78Mb
cshrubshallky@hp.com,cD8=9+|9~
jholsallkz@engadget.com,"mW0,U8G|v"
ptrevenal0@blogtalkradio.com,xC6|1M27K'&%
mbeaufoyl1@sciencedirect.com,oL7@g!w=$0u
ichadwenl2@gravatar.com,aQ1(NBJfr}
kjelfl3@reference.com,aB4$AUl7zZ.($HY
imccathayl4@sciencedaily.com,cX5~AKMucZ7
mmakeswelll5@un.org,hT0%A*C6KmR'
tscrowsonl6@sogou.com,kJ4{ja.7alz
newenl7@buzzfeed.com,hL5/yi@Q'
nwharraml8@umn.edu,"oZ5&R""*Z"
meppl9@ezinearticles.com,bB0@vHQ*D
dshewsmithla@blogs.com,"aQ5,cY1SdR"
mdorracottlb@china.com.cn,oX7(lP3FL$v1)j3
gboschmannlc@nydailynews.com,aW4.sTwyhIQ|mZ\/
maizicld@discuz.net,qV7@<za=hFO&O#hB
cmadocjonesle@joomla.org,"fE7>iis(>""?r/"
gmcardlelf@vk.com,"nU0!{,trgj.19Y"
gthrusselllg@ox.ac.uk,xT8\\{!v}
acoveneylh@miibeian.gov.cn,dB3(EXF3mon+0
gbraggeli@constantcontact.com,"sQ4_bah""@zl,"
nspadalj@goo.ne.jp,fD3(d8lO&vU.MZQ
astuddardlk@nsw.gov.au,hM0_cw7s
brennell@dion.ne.jp,tB3?w1<UwU=l
asconeslm@mayoclinic.com,cQ3{v0\#3D=@_\O
bbromeln@biglobe.ne.jp,gW5)Wq>&
mhellingslo@usgs.gov,nI1#@9JOz
lconechielp@usnews.com,"pD3""+2D\}"
dsmedleylq@icio.us,"nT5~`cVj,`FX"
smclaelr@seesaa.net,xL4)|n26%&
ngouldstonels@boston.com,"dK9$Q`7""Zd,"
pattewlt@usnews.com,wJ2\I7(Nyiok&OP$
bavislu@wufoo.com,wP0/VNYse{0LCBmB
mblewislv@yelp.com,cP5+0.?54M
ccawsbylw@taobao.com,"tI0,N|Ko'V/1_OTV"
wreinischlx@infoseek.co.jp,mP7)z3wu
mpavlataly@smh.com.au,"fJ6,a3>eD"
rbackhouselz@sohu.com,dQ9&'m4>M}`
lwithinshawm0@hexun.com,"cW6?4J""n"
mdaddm1@businessinsider.com,cK4<_{M1T/E
bbithellm2@wisc.edu,yY9<9Z8@U
strillowm3@boston.com,gI4'9gk}vO6~p4
twoolandm4@lycos.com,pK3<Bj\\z0i.V
hravenshearm5@tripod.com,hJ2.o)Afvux\DG#
ewhelptonm6@dion.ne.jp,"sK0%HSh,j"
bzmitrovichm7@java.com,"wS5)7#H""5hVpx"
cmcdarmidm8@taobao.com,wL9{16n_E
dapdellm9@shareasale.com,pC9{U}TI@SFr_
phuccabyma@list-manage.com,fI0`!<AA)|6
smacgeffenmb@de.vu,wM5<(ti*m
jmacadiemc@canalblog.com,pL3+|Hf~&zexl@)e
leadenmd@si.edu,rA2~SZT3Jpd'twgs
mdunmoreme@vinaora.com,"rI7@96f,1r@EcR&"
rjosephimf@360.cn,eO1.e${*K{Z/k#q=
rmirandamg@sciencedaily.com,vL0'I7cNIn/#o>D?
gvalentinmh@uiuc.edu,iI4_oG+*6~
wchessormi@ycombinator.com,cS7{9/Y\9!XrM
afilipczynskimj@dropbox.com,vH1|23zltKr6\(
milyenkomk@nba.com,nK4!AqVAN5O*DUj
ndunsfordml@is.gd,hU3%WY.+9W?B(eR
eartheymm@nifty.com,zW0!X_.f&l&1256
asabatiermn@digg.com,rW7@*l$>e@%s
fsimacekmo@usgs.gov,nU4+3EsV
sdimitrievmp@mysql.com,bY6}Bc0kTB
ikenrickmq@google.pl,hM5{V_zEdk
nbradwellmr@cnn.com,hU0~0>FP
jgaugems@reverbnation.com,gL4/e{F@4CI<
hmcilwrickmt@hp.com,kB6!HTpa@<
agarardmu@live.com,mB9{gcY/E@Ef>
ethormv@marketwatch.com,gW5@ad{rd}qawyK1
ksherebrookemw@ow.ly,"yF6+~""0Y"
sgrimwoodmx@boston.com,sK3/rl?(A}~4n6@
kyonmy@businessweek.com,fU4|r!hlgROv1
sbrimleymz@weebly.com,mT3#_ga0
astilliardn0@hao123.com,yA4!ZuI}x}9
chousegon1@plala.or.jp,jV9&0b%i%rp
lwanjekn2@nasa.gov,"eL0=qA%j2,r)"
ucadogann3@bbb.org,mH3>px6(*7wD~8p8
fbagbyn4@nymag.com,oS9<)x4s1HA#_L
csuttern5@newsvine.com,"wL1&oS,}+*{qFjE`"
amcleoidn6@psu.edu,zP9'ITq~e5w|
skoenraadn7@constantcontact.com,gP2*<M$y
scrowdn8@slate.com,nY1&kIhhheC0G<?
mquaifen9@dagondesign.com,nS2+5@L}2d
rdelahuntna@arizona.edu,cC7+7d7%
mpennernb@comsenz.com,uS1/r7B3rg+
mtideswellnc@nyu.edu,bW1\@9y=b
relkingtonnd@technorati.com,qT9|Iy1VArU\
febbenne@usda.gov,lI8<yuh<'Hnd1jHu
ksoulsbynf@imageshack.us,lO4%kb}5N4&
fianelling@surveymonkey.com,"dN4~)*tB(k""/"
oramnh@so-net.ne.jp,zT3%P*rltXhk
mhowsanni@addthis.com,"cY5<%4""GT)"
dpinsentnj@rakuten.co.jp,"iI0.7<I9""wc!H`"
msinkinnk@state.gov,wV4*#H1$
npirrienl@whitehouse.gov,dS2}6idy\q
baronsnm@cyberchimps.com,kA7@cpNsIm{p
abewsynn@ed.gov,fB6?~Eux\~\O(yQ
skirtonno@theguardian.com,"qR0%w'e,FL""\_aY{"
twhylernp@cargocollective.com,kU7*jV.?
raylinnq@cloudflare.com,iX2/{LJU
mfarguharnr@ameblo.jp,dC6}z.$npBXD
mbarlthropns@php.net,nS4_y3hkd3zKB@
lmcturleynt@blogs.com,gF1@&V_J8
ikeillohnu@sbwire.com,nZ9\A|H(bj
uhissienv@google.co.jp,bA8@7'|hf&JuZUz
dlandanw@networksolutions.com,aB3&GtkyXU
tnickolsnx@squidoo.com,gX0?xe(\2
cmcleseny@comsenz.com,"eH3\z,u%6`"
ephaupnz@t.co,jW4(Z9{9`PeP?m
lduchateauo0@cbc.ca,xJ0>/M=/F_Q
sgilfillano1@washington.edu,oU1|GT\WJ6X+~y8
bphairo2@jiathis.com,pN6{qU7Os
lflipeko3@baidu.com,rD8#sT.AdX33B/
jpuddingo4@mysql.com,"mJ8,i?a9(rmjo`X"
ipitkethlyo5@army.mil,eY6%qkH.`k68FLXD
nfeasto6@va.gov,vI3}!JkBu?t{so4
jbeazeyo7@qq.com,"fX3`@aHWA`N""9M"
cvaleso8@g.co,zD9&*(*&3vVpIp&
dhorleyo9@tmall.com,"cC5|G""RT=jFfs$C"
acunnahoa@slate.com,"pJ2'zhT4F,uO"
gdellortoob@seesaa.net,cM4?\*cl
kwilfingeroc@odnoklassniki.ru,"hD2,x""kD7L+)4%O1"
hmurcuttod@etsy.com,hD5=*Z9'HAe
ilanstonoe@hexun.com,vE6\osIUs_
badrianiof@narod.ru,"dB3"".UThS>Ia<GK"
lnovakog@de.vu,"oA0#""/*$?FrPi"
aandrollioh@diigo.com,"xT3@cPC9&Qf{,"
mlethieulieroi@google.com.hk,vD1)`_D}i!k8q2
cziebartoj@theglobeandmail.com,wC3*}kzv_{
jbartolomucciok@businessinsider.com,vT1(*8hz9U9?!?
ihalliboneol@nps.gov,gJ4)E.7Ju
caupolom@bloglines.com,"cV8,nrOTc>KFgxjD"
bbrockingtonon@moonfruit.com,nX4{Fx>p1
lmoraloo@nasa.gov,rK3>jg`m>
ddomeganop@google.co.uk,uH5=u1uGMq)npMs
eticicoq@shutterfly.com,"wU0""@xoP}.LoY"
ctheunissenor@cnbc.com,"jJ5,/OOt%#!87ek|"
dslymeos@drupal.org,jA2<08ngpee
mgrennanot@wisc.edu,wW6+=%B=K
lgrzeszczykou@stanford.edu,kZ7~F6n=3M
cchipperfieldov@statcounter.com,"pD1,rwDCm{pY=("
rfreeborneow@sitemeter.com,"qR7{""wqB882.zS"
fklineox@umn.edu,bO9!i>twqeiEP
glarkcumoy@tinyurl.com,hB9%FXdd3oz
abenamoz@nba.com,sG3'MKD*rMj
gglasonp0@dot.gov,iB1<|(~8G
askirlinp1@disqus.com,wG9)WTxXR
callikerp2@virginia.edu,hQ7|GDVZ<<yhU40
mjulyp3@yolasite.com,dS1(f3|hb.
wsherlockp4@army.mil,"xY9)bRSK,ISW"
svyelp5@wikispaces.com,tU8%vrz_ZlUv1<T
alavignep6@usda.gov,yK9_9YYPlq?
ahelwigp7@paypal.com,pG9_q\|u>
cgaggenp8@miitbeian.gov.cn,aB2#hg0j
dbrunickep9@usatoday.com,"oE7<X}Pz|uz>""7I"
rsomerfieldpa@bbb.org,gA9!)A(83
fplanepb@simplemachines.org,hB4/i<DH3y3kzKi(
jfominovpc@shareasale.com,bW6(s<Z%
bcritchardpd@nps.gov,sW2>=+da{q!+r?Yw
jlocarnope@artisteer.com,pO7.`i0O)Z
bnekrewspf@paginegialle.it,tI2|dG8Pa@Q!00
acarlpg@economist.com,"zM9@""=Z""|u"
athursfieldph@sina.com.cn,iI5_!@)*vCpyD@o#
astovespi@eventbrite.com,kT5!`oBC&oe)
dcarolanpj@artisteer.com,wN3<i??e\Gb\5
rstanyonpk@springer.com,uD0\EKV%{`
yjewsonpl@lulu.com,aW8%YgxP!/7{#o
tmourtonpm@europa.eu,uK6$SdP8S'Kr7
tfraanchyonokpn@abc.net.au,bZ7'H5H/y{3
hkiosselpo@dot.gov,"wY8,.rg3Un"
nstanwixpp@tuttocitta.it,oD9(!=?E%zc/O
tcellipq@msn.com,eN8|Q%hssP
evidlerpr@ox.ac.uk,rU7>K8!K
chartfordps@eepurl.com,hD1`!iY&KKNhNjIA
jscothornpt@bloomberg.com,yZ5=Cg29hpkbN
cdronpu@telegraph.co.uk,qJ0\$dn3Dj#yx
mwhittinghampv@ocn.ne.jp,qI3*3.|X
dwestheadpw@illinois.edu,"lN2""JYTp9Iu}"
nstandonpx@posterous.com,hJ9?*#a+\x
fprobatepy@theguardian.com,vK5.`+6Bz\
mgibbiesonpz@prnewswire.com,aJ6~6Y|>O3WlOq
khansburyq0@acquirethisname.com,aR8%)CjYuv
cpriddleq1@amazon.co.uk,vE7.NpiG2SIz~jTA
hcuttlesq2@washington.edu,"zN7{""g@Kks\"
callbrookq3@gnu.org,mL8/oHD!
pantoszewskiq4@imdb.com,bA2!o5ar
dcastroq5@mit.edu,"xP8&G|JhhW,FNpf"
ndunphieq6@sina.com.cn,wG8_r1%M3ed.CT
uaustenq7@merriam-webster.com,pY3{6&.n6XK
fwillesq8@abc.net.au,cH7*%EdN}bk%0d
bbutterfieldq9@elpais.com,"rM6+pjh97a,Ry_"
rnorthcottqa@nih.gov,sD8<mz!IIa4
frodgmanqb@scribd.com,yV5(l\fs=x==lx
vwildeyqc@blogger.com,vC7/|/HRWfaT=0
mchansonqd@purevolume.com,"hK7@1ZFmLR"""
mramseyqe@springer.com,uE4/k7WHXkBx
mwakerqf@wordpress.com,"zY6,9J%M{u}&>+"
fmarteletqg@techcrunch.com,yP0*k4VwZ
dallinghamqh@printfriendly.com,fW4&~2eXSRDm
dcammoileqi@lulu.com,"uC0""ow>lC"
shabornqj@sakura.ne.jp,pP7$aFFHXK4
bhalseyqk@google.com,vR2}kU|F_Xzy'
cstaresql@columbia.edu,pW0+=~!gh*rH
thaileqm@sun.com,"yB7,<T%uE"
hmurchqn@1und1.de,"mP1!kU3qQ@V""""L9="
gsprionghallqo@shinystat.com,sX4\%Y_Nwu?v
amellingqp@disqus.com,iH3/E5(za9<
gslyfordqq@slate.com,vC1{|hD{?A#w
ndallinderqr@merriam-webster.com,sT6{'61}m&$
ssothernqs@opensource.org,sZ2)vAhQOBa=6A
gricciqt@huffingtonpost.com,iM4\I%R~E1W5to=
abrennansqu@bloomberg.com,"jE0,8hmI&nKHJ#("
jshearmeqv@fda.gov,"qS3,qdyTZP"
ddilkeqw@aboutads.info,sP9+!cL7EsV
irosewarneqx@army.mil,gM7!CyKPbYlNbg=
agettyqy@netscape.com,yR0&tK7=
zsloatqz@technorati.com,eG2}J6lYuq`o'
jjedrykar0@vinaora.com,"gU4,8={M"
gorteauxr1@odnoklassniki.ru,"bL2/0lt+X%7""TIP"
drodier2@ed.gov,sH7!@q~'wFbe5V
mmacrinnr3@gov.uk,vX2|<VE?`0Os
ilatimerr4@businessinsider.com,rP8~9=o<y
lojedar5@arstechnica.com,"tE2>mP'v=""t2%"
arembaudr6@biglobe.ne.jp,"sF8>1TXmeYi,#4"
ndarlowr7@flavors.me,"cR0<9""LB'Qd/Th"
afontesr8@nbcnews.com,wB3}!LlP6.t.Gl'o
ephelanr9@state.tx.us,vM6$8c{T*n#W
klefleyra@sogou.com,cS3!|\b=T
vgoldspinkrb@jigsy.com,"cK3`Bsinr$Tk,"
eprodrickrc@newyorker.com,bF7!@42p
mkemptonrd@sitemeter.com,pP2#3>2xN4+l
bseviourre@paginegialle.it,"sQ7<cdjvW%QfmL,"
hsibsonrf@house.gov,"xF8,b$KMy5y@"
tthorowgoodrg@chronoengine.com,gQ4$FSd1
hferronelrh@tumblr.com,mP3\mF6.A{f
awoolfendenri@bloglovin.com,"vX9/X)l""($~|4y9"
lgrewcockrj@ow.ly,fL7)@gML#0Rr
bridgleyrk@disqus.com,"aL0,n\b?"""
lmcglashanrl@timesonline.co.uk,"mW8,tdFQ/G7"
kharhoffrm@cmu.edu,hZ2%K5djM
hudiern@jigsy.com,qC9#5quxJ+
lmonksfieldro@furl.net,zX2%C=q<'GdvpUG
jmawmanrp@smh.com.au,bR3<H@?2hRw\2
fmansellrq@pbs.org,"xR5""z=.oTjjV"
jteerr@google.fr,bO6@q)y@
