login	password
abellard0@bizjournals.com	fR2{ON*n|Mo#7dh5
ahenrionot1@weather.com	"hY1""~/wN'Y5fAhO6"
rbraybrook2@uol.com.br	lE2(0H9u`bt
jmenault3@arstechnica.com	lD2+'JFmC{
icampling4@ovh.net	qT4))`x1V
wwinchcum5@noaa.gov	qC9~E%B84ap<6F_
rstorr6@baidu.com	aO8,(?Ys
mdumbarton7@istockphoto.com	vR3{h6>$if%KL<PX
creasun8@nature.com	pU6}S9=\>chuAn
jolohan9@uiuc.edu	oG9&4,5wyXw}Y~/
ehuglia@github.com	rC3|7wU4FYMFo3n
qkingslandb@wsj.com	mI8'g'{cd5KQfs
nbroskec@upenn.edu	dL4,JM?MD89
mmizzend@booking.com	"hC7~""X&Bl7%<hTR"
mloomise@edublogs.org	fO1&zsY9K!Wnx
sblasf@samsung.com	nI4=KG{pb)
jmitchelhillg@ycombinator.com	lV9=+2&YCUL{P
scurromh@slideshare.net	pF1{'mTa{@
bkienleini@jugem.jp	bR9<2Ae(Ti
jrothermelj@posterous.com	qW8?bHW9iny.b0h&
scockerk@oracle.com	cU5#|{nqp.
lwilbyl@imdb.com	rO6`2BSJ0Y
ewishartm@slashdot.org	zG5@6@_y}Ng
hwreyn@utexas.edu	tH5\5!XTUti*z/q
mgillhamo@foxnews.com	sZ9{JQ+h?i,k
bplumbep@china.com.cn	rO0,q89?O4l<s*#i
mdemschkeq@paginegialle.it	vS5,}{Szv6>
bhalleyboner@squidoo.com	vG6`Ya36
mloverocks@amazonaws.com	fY2(i+S#t{
itailourt@cbc.ca	gB4!TfDurGa,&2i
hfairneyu@trellian.com	kN6@CW32jh|
cbuxyv@macromedia.com	qO2|KWTDmE+
fdelunaw@printfriendly.com	tH9*3$f.$nLqGI
amccrawx@pagesperso-orange.fr	nB0_A*'\}$JYE
hsouthbyy@rakuten.co.jp	gR6>neNe3l{v)MVo
rspatz@abc.net.au	kW5,gf#8/\enb
jmatyashev10@google.it	bL3&Z=~9aB9
rgratton11@amazon.co.uk	uK8#@EQ+CP.,K=oB
dredemile12@ox.ac.uk	tN4?{Q8W=ikm6Zz
jsandsallan13@salon.com	wQ0%gGXv
ystarling14@samsung.com	oV3%+`zkO%,M_h
gwellstead15@salon.com	jK1|1#26x|EX(}
ephinnis16@yolasite.com	zR4@uabKvY?kbVF~
fyitzovicz17@networksolutions.com	fQ1*BnVP
eshah18@prlog.org	zY1,*Q){K
acockerton19@cocolog-nifty.com	kP1&\AdKr'r+B
tsignorelli1a@springer.com	hG1`P,BsGlwK3+l
ibellord1b@infoseek.co.jp	nQ8@9Hz4?<U
bgraeme1c@tuttocitta.it	dJ0~6C.)iA\.TR
rjarrold1d@ca.gov	bS4/uVB=c~okIPRd
tcusiter1e@archive.org	vW2_nAj#
rwaterstone1f@bloomberg.com	mC4`y@C&f
fosbourn1g@prnewswire.com	lI1#9k$>UHX#iZF
iokeaveny1h@odnoklassniki.ru	kQ0$}z%W79Np$GaU
ppresman1i@yolasite.com	eJ2`.}YjOP{*_9
afullun1j@cornell.edu	"dS6<>gT2""w3e"
bdinisco1k@dell.com	wH9+>SA~a86uV
dmatuszkiewicz1l@toplist.cz	oU8?=r1At
hwolver1m@biglobe.ne.jp	eF3(|4)gWzqq#
alune1n@goo.ne.jp	bJ4>80/G*RN`e
sparysiak1o@dropbox.com	tP8>oVLl7
nlowseley1p@unicef.org	iR1+{3Wkf(
eioselevich1q@g.co	"vY1$3lMl<!""|"
mboulstridge1r@goo.gl	"kI3/"">J<p"
pchapelhow1s@psu.edu	gB9,7$$@0
vcastellaccio1t@tinypic.com	gD0+P'Qwlczm*8{
achominski1u@shinystat.com	nJ8?WApX+SY
cedmundson1v@xing.com	zN0>Fc&0{Ns_<
vseabrooke1w@scientificamerican.com	jN2`X#uB
tsilwood1x@linkedin.com	dR8,u8b<|3
kduesberry1y@gnu.org	nY6@ETa@I
scrucitti1z@so-net.ne.jp	lC6_IW4|>(KAR}I
eabate20@networksolutions.com	eW2+i+7&|!xMtv
vconkie21@epa.gov	"qH7<iG<Pda"".bBDw"
jfidgin22@sphinn.com	jF8)Btq}I<ek
abakes23@blog.com	sW7.5D!1
klaetham24@mail.ru	mJ5@3O2=)o*P
plippitt25@mit.edu	aH0>?d(?WM
cstorrs26@statcounter.com	"yG2'uo*v8Ut""Z'"
handreev27@newyorker.com	zG2=oNQTxOe
crosenfelder28@wired.com	tP0!T0jeQ
lburtenshaw29@salon.com	zW1'3%`#xAQGx}
cdamsell2a@merriam-webster.com	lS3{i$Z9KHmSH|V`
aacheson2b@miibeian.gov.cn	iD3+8tZA2zMlYnBN
cclendening2c@wunderground.com	dO1|_>34
fkelshaw2d@cdbaby.com	vU5%ABNm.b_<F<
bbulward2e@skyrock.com	"mM9_aW""Yd2D"
eshakspeare2f@ifeng.com	"pD3}j""&q{_"
oskidmore2g@tamu.edu	nU6&lN{R
bborwick2h@fotki.com	mX8.W_6RL*W=
ehawes2i@go.com	pF7\jXe~uN\l8T{
ihaxby2j@macromedia.com	xA8'd/icg{zAV
jhubane2k@webeden.co.uk	yJ6?eZBtpOln0w&H
sdaton2l@macromedia.com	eJ5/'T14cqD9r
mguyton2m@parallels.com	yP2!xHpa%
rkempton2n@scribd.com	bG7#aEiS{DHQE?
ldwyr2o@businessinsider.com	eV8<MxV8t3HDz40
dambroisin2p@tripod.com	wG4.RXuyZAZjTPc
ppicott2q@yellowbook.com	xT1?S}\a#G7~6
nclyma2r@google.ca	uX1{Hd!+Bu,Gc4H
adumphries2s@reuters.com	cM1{\|)JkRZ#KmU
ecalcutt2t@gmpg.org	"iN5$GQ>""?F!s<r,"
estadden2u@google.co.jp	dK0<P`Id|C5Mk&
pcage2v@scribd.com	lW0)l~@A.nk
mplet2w@angelfire.com	mC6.c/DjGYR)e?{
nmcquilty2x@foxnews.com	iP9`Buzr3u~12Zd
qbenoist2y@miitbeian.gov.cn	nM8/{gMQ
gclayton2z@godaddy.com	lW3+fU(ff+(~?y.
aoxnam30@yandex.ru	dX9}r?cv9\RFYM>
psprowles31@sourceforge.net	"wA5~X)7""STfXW\Y"
bcattell32@vimeo.com	pJ0/)+a|=<L`p
gwillcox33@alibaba.com	cI8~%i=A=1nWd
csponer34@pagesperso-orange.fr	eY3'MZ2M
ojarrel35@cnbc.com	cX3%{Ho#DMdI'@d7
kmichelle36@chron.com	"lC4(c""a5jG*l69m"
gsaiens37@privacy.gov.au	cC6?yDD|#w
lbridgement38@unc.edu	kV3}Y(86K
wroderick39@dot.gov	xV8/d4+*oJ
gfalloon3a@infoseek.co.jp	"dE4<lb{h""bg1%A"
kstoaks3b@sun.com	tL9+s8h4mJCj*9?}
jdoulden3c@cam.ac.uk	xC9'Kg\u3Dn7
tkaysor3d@yahoo.com	hY4'|/!@?w`bCeb
moblein3e@oakley.com	pT4$&WDh!ak_kx
cruddock3f@harvard.edu	bA3(!Tn9
rcrooks3g@ehow.com	xV4(3NHyiKyy`1}U
zebenezer3h@techcrunch.com	uV9%JIM1*?
sduligall3i@baidu.com	kO0\ff.4?%m
amaccathay3j@tripadvisor.com	dR6+lqg&=RWVga
kdecastelain3k@nps.gov	uQ5>c'N6O(J
dwipper3l@wordpress.org	cQ9'8I>4
jdumphries3m@usgs.gov	nA0/(g`E'
kralfe3n@de.vu	uG7~18gHTvJ9n
ckighly3o@hhs.gov	"iZ8#EA*""Qxq.0HFG"
ccoveley3p@webs.com	mR0)M><~b4+7=_
kbilham3q@tinyurl.com	uO6%8USuH=V`
jboler3r@ovh.net	oJ9<pPh44GV
dpayley3s@hexun.com	tY1)/=~$zD7S9fs
mmallabone3t@gnu.org	nC7/p8&@{
mgiraudou3u@sitemeter.com	tC3#/P2_H{K
mbeevor3v@rambler.ru	wS8`hUSi
inorsworthy3w@miitbeian.gov.cn	"bP1)oZ`("""
bcortin3x@sciencedaily.com	kY1=e4Sh9
ryoselevitch3y@theglobeandmail.com	hA7%wdh3f@lVSvbg
solivera3z@hao123.com	mC1!7U6jH_fW>O
fpochon40@thetimes.co.uk	sY3.(U2'<Cbu(3*S
esanthouse41@squidoo.com	"cU2's""bd|"
lfeye42@alexa.com	zH7*M,X{2OApP
tvolett43@smh.com.au	"eN2*@Wn8Q!""M"
lfishlock44@tinypic.com	gK8+0S{ja(AZ9y+
rmorgan45@ucoz.ru	"pZ7\hb""r3CqR,"
cjoll46@newyorker.com	oU1{fQ+{Q$
cjahnel47@who.int	"vF9|Uzl7""6Tn+r"
ngiabucci48@tripadvisor.com	uX0`t1ThBy@%O
acrosetti49@marketwatch.com	kH5}bMRs.xTpRe
tcotterill4a@godaddy.com	tM8&Y}p*91
cpervoe4b@surveymonkey.com	"iS0""(/qdo8"
cscales4c@booking.com	mK4`+EQOoh`IJt2
ngoding4d@virginia.edu	gK3+GvwMc~}
cblumer4e@ow.ly	"sT1"".yFtN2u_e}IV"
edisbrow4f@about.me	nJ3$*QNv8N
bworks4g@tinypic.com	tC9,tv=(
pheikkinen4h@hubpages.com	aP6@z!yh3oZtD
kwensley4i@homestead.com	nW3+0w@(BW
mgallienne4j@is.gd	wV5`%|x)/K}{BL
ibuxey4k@goo.ne.jp	zX2|A2mix<R
oprovest4l@nba.com	lK8*r<,ai|\EITu
rboyland4m@dedecms.com	aS4=26mo0_.4
bbortolomei4n@shop-pro.jp	hD1#|iSjK}s
ksigg4o@dell.com	mT2#OmzO
bfaull4p@scribd.com	jS6!?7y6
sbolino4q@netvibes.com	iC6_F0rg8YL
dvirgo4r@apache.org	sP7|*@owB`4
mbilofsky4s@blogger.com	pX5}qq%P33<
acorwin4t@dailymotion.com	jI0`hfmPJyB#rph
msabben4u@google.fr	sE3`1\Gg
egarbert4v@japanpost.jp	wI3|tM5O5y83s
rgartside4w@networkadvertising.org	"wF6?dL~""OMA"
plalonde4x@berkeley.edu	qJ4&c6kq2gx
tfrostdicke4y@seattletimes.com	nA6`jz{U`Lnch.{m
hlonsbrough4z@arizona.edu	"sE2""V}pPi(h3#Mj."
pdoust50@cdc.gov	iW3@(,eHtblA=
bsrutton51@ustream.tv	mH6'KpIDoM7%oBu
acardew52@i2i.jp	"xF7!""E{QK)"
cgotthard53@xing.com	vG7#Hr?x
plozano54@ucla.edu	dR3>|,8IS@$T=M
emattedi55@engadget.com	lB6+N8R6VxLU
sfrancesc56@quantcast.com	"cL1"",wk{g(B#"
cbrockelsby57@blogs.com	mS6&>M{,i~k&y
tmcgrotty58@pcworld.com	dH0?E6~x3PNt>l>c
cjessup59@archive.org	eO9/2mXFhhyg6u
yrablen5a@chronoengine.com	cE8$E%~&5Ca6<
dforstall5b@zimbio.com	"oF6+""YY)gYuqU"
ggoodswen5c@fastcompany.com	pP1'HVD@
koates5d@deliciousdays.com	cK2.'ulM#OT/ZVHR
pflavelle5e@wp.com	nG1%nGDC9YA
fstones5f@tumblr.com	yC0&T`xP
ccrus5g@ucoz.ru	jE0}'#1+eig>YKvE
edalloway5h@dedecms.com	bK7<w6uzsDDDh!_P
sponten5i@sbwire.com	"uB8@gH""ry1NkI$"
ncrush5j@arizona.edu	xL8/s/WVe!5%
jwaud5k@soup.io	mD1}DDr_r
srickhuss5l@ihg.com	oD2,gYRoB@
zleander5m@networkadvertising.org	wL9$.Q%M'C
aduhig5n@sourceforge.net	sS8%K`2q
esuttell5o@altervista.org	eN9)GsF7lfk
dlowery5p@independent.co.uk	lN6).Q&~Hi~u
okitchiner5q@mayoclinic.com	lO5%uK7ippBkY20
jkebell5r@nydailynews.com	rU6(8LWAgLl}7&Qp
dducker5s@wp.com	zH5/IdAV>
mhuetson5t@prnewswire.com	qI0@iO&RUJ<.'
gbroadbear5u@webs.com	aJ9_pj/+c=`
aoneal5v@mtv.com	tU9=buuge=,y0\
cwinckles5w@fda.gov	kP4/7~h=
bscallan5x@msn.com	rB3!\t`qCZmE*y6
jgreatorex5y@parallels.com	kP8.~k\\_
hwilford5z@privacy.gov.au	tV8$zeK}/@j
lgingold60@ameblo.jp	bX2!\/$K}@\_{|
dlibero61@census.gov	oI9*Yiy%D21mK
cdesseine62@pen.io	gX9%}}us!
gcalabry63@studiopress.com	eY4)VhQfyJUv
tsooper64@cbc.ca	sG0.Ds\z`}jj3
jbealton65@independent.co.uk	lK9~$I1UB7B|5W
dlay66@smugmug.com	"aW3+!@>)sRY(""P"
esutehall67@cnbc.com	"uD2""yJ.*k6iR?wjN"
pcaine68@fotki.com	lB1*\&VJ
lnezey69@soup.io	lK3||Uus`D~20\=B
krays6a@nhs.uk	"pB8)5>b2""dE"
mhalfhide6b@a8.net	qL8`<PLlUYD(8<_6
bbooler6c@oaic.gov.au	sG4`I_M5Ghq,
acluely6d@hexun.com	vF5@UZ!ya}|_5R
dgreathead6e@hexun.com	qT8.ow5bpK
lklezmski6f@cyberchimps.com	iZ8|,<D<VX
vloalday6g@state.tx.us	fB2@HW9?
othomson6h@ebay.com	yU5<clK60g?|
sroscoe6i@360.cn	zC2+o\Jq@f'D
ktomblin6j@squarespace.com	"sH0+""se,zHG"
abailes6k@sciencedirect.com	fN7(E<E#<5%.Q<\
ctempleton6l@columbia.edu	"zG5""!y9R"
bcerith6m@shutterfly.com	pU6!Kf(qkXQ5
djolly6n@bing.com	zR2=C+n+}ix(J
hleagas6o@oakley.com	lE9~>/@t{._Yo.oB
msives6p@google.com	dY0%`=QId>}F}
chuegett6q@friendfeed.com	tG0%.yDb
wgiblett6r@livejournal.com	mI1+.9V8M
spre6s@prweb.com	mW2+pO8NDtT1JrB
ojumonet6t@prweb.com	gE6,Ne'(
bmonier6u@yale.edu	uF3_y_u_>J
cmillam6v@prlog.org	"xH6""Pm&v_&a"
cstellino6w@ustream.tv	fE2>(z)uX
wlongrigg6x@phpbb.com	"tX1.""*xANd|q"
amcnabb6y@4shared.com	qE5{U@lkvX5|,L
eamerici6z@cnbc.com	fF4`8P<e1ZDgUe
jwickrath70@upenn.edu	kT8?pAR)L>EM.Bd
lmadgwich71@nps.gov	"jS4"")W!\p<"
gcoath72@edublogs.org	rA4*SrH,O}_owxz\
csteaning73@tripod.com	wV6#a#(AG~{_ieF
wdaen74@hao123.com	jI7?&*N!PLAHjJ
kricciardelli75@epa.gov	"vB7(f~J""/"
smartinets76@wiley.com	iY6$aCed\q&o(j
mdemalchar77@sourceforge.net	rL5@Cu_adE
kfolomin78@yandex.ru	mH7$Af7cVpL
kpfleger79@bing.com	uV6%m(y%efn
cjermey7a@blinklist.com	"gD2.C""yRX3ip,""fx"
lgranham7b@opera.com	wX5)o3*!
lshortell7c@un.org	eJ0~sRn@C_
rburgise7d@sourceforge.net	cD3|zPA5
mblyde7e@ifeng.com	fR5,'9J1<'*JD
vhammerton7f@weather.com	dB2%HG*Js
xcaso7g@altervista.org	nC0)}tJyY|(TBHP
mchadbourn7h@pagesperso-orange.fr	sP7>ynX`L`3~5dZS
edelahay7i@hubpages.com	"sS4?w+Sy""?pu&Wg5"
adaughton7j@lycos.com	qZ7+q0h&='V3UCh!
ganthoine7k@gizmodo.com	gU4>C$t4r07tmDt
mkill7l@simplemachines.org	mX1=q~K(
linnes7m@vk.com	"zK4(`7}*`*""_tc7"
ezylbermann7n@pinterest.com	qF4\0%,dz9H
bbacon7o@nih.gov	cX3>+.Z$46p|Mj&
hluparti7p@newyorker.com	iG3_R},PyK
cdagnall7q@icq.com	iH3{i+Uu,z9
lmacaree7r@t.co	dO8,M1y_(DwD2
cdufoure7s@vimeo.com	bN0>E*ivns
cmackerley7t@irs.gov	"cE5""a@za>\"
nmontes7u@ovh.net	rW1$P.v2!4l+R8?
tmartellini7v@g.co	eY4`r(Z,an
aklementz7w@google.com.au	hJ1,fvu4+
xhatchell7x@histats.com	iO2&}BhC1aW\&>X9
bnaisby7y@si.edu	vY1|Tr,G
bcomsty7z@a8.net	qI7)u)b)i9>aH
eshambroke80@yahoo.com	jB6=scKinpvR/9
sbrocklehurst81@blogspot.com	yD5=)JSR?
jmcinteer82@spiegel.de	"uP9{""U(((k2pW"
dconnal83@gmpg.org	fM6&BsgE~eRJ5H
dsimanek84@howstuffworks.com	"gX1""1oVtPYMhzz"
gtremblett85@dailymail.co.uk	"cL9""}a2xZ>@I{|w"
rklejna86@blog.com	rA2#kvr33Jj|X
wsciusscietto87@google.com.hk	pO3<wa&9tI6(p8
bletessier88@businessweek.com	hV8>4=*6n
veskriett89@usatoday.com	uE5!KBk,xV
ceastbrook8a@webnode.com	fV3$1Uf0h
cbrinkworth8b@oakley.com	"sX8'F>""u"
tromushkin8c@qq.com	dO6)R'=4Tk<{g{gi
edainter8d@slideshare.net	qJ2\&QB_tV
ddantesia8e@deliciousdays.com	bF6$1a3J?/m
bcudde8f@intel.com	"wN1""#$i34@?M"
etyzack8g@exblog.jp	kX7!B2<AAIDk+
chaddrell8h@issuu.com	"zW1.?N}vtU""M3"
dleggin8i@weebly.com	sP4~<dC%ipTT&#W
yhansod8j@twitter.com	pS2=84Dgp\|{Ao(
btant8k@comcast.net	"qA7""x_,b"
pcupitt8l@answers.com	hW1_~KXLIG0
ofranceschino8m@eventbrite.com	hZ5&fD&jbnkN8
mcoots8n@paypal.com	dF3(qQqmE
cyarrow8o@toplist.cz	xR5@XNV~ql`UWmFX
nleng8p@1688.com	dX3=.fN<R>+
schateau8q@usnews.com	"sC2"".YqX"
gfrancklin8r@i2i.jp	hK4,)rE|{
jdegregario8s@cpanel.net	aA8@}{YkInY
fflemmich8t@mayoclinic.com	jK0)5Ul.r+?g
molynn8u@over-blog.com	sV9>pogQ1spDKY
slesmonde8v@independent.co.uk	jC1<L&Ft
kcapponeer8w@ucoz.ru	aF5<P+@'Qc
lfreund8x@nifty.com	mB9{_$3+P*I&
hreyes8y@cdc.gov	xJ5.?PkOygD=
epaule8z@tinyurl.com	iO6?#>ndCKBJ
kheinecke90@shop-pro.jp	tF7(lZl4'A*c>bY
cmatejovsky91@biglobe.ne.jp	kU3`W~ur##
kvile92@eventbrite.com	vU0>R&Kv04zM
vmartine93@fotki.com	gF6@)'~oDimm
lmelley94@shop-pro.jp	xG4}jLUB8REU
mewbach95@so-net.ne.jp	iG1)Q`y%CD7Gg
brattry96@jigsy.com	aD2#w<D{D3|
dsrutton97@is.gd	"iJ8""oZs9%"
iwhinray98@gnu.org	tI5@2/W+%LQ>c?
cblabie99@aboutads.info	lJ7*+a(MejEZ
jpatters9a@i2i.jp	hM4>X(XcT`o'BKo}
apicker9b@blogs.com	mF8?i}xT#5p
acroyser9c@ezinearticles.com	kV8)g%OPHCkVd?}
gmaddick9d@youtube.com	gU9~p{FTjX
rmedgewick9e@amazon.com	qV0`R!=I#jTQh.9z
afarries9f@networksolutions.com	qE1'9dAxPA6
dcansdill9g@twitpic.com	eC5<B}TA.ZS|\@
ssoitoux9h@sfgate.com	lR1?vHa`(0i+uM(
vdowdle9i@shinystat.com	rA5}LZblzXfbX
myakobovitz9j@yellowbook.com	bF2,oZ_!
tfawlkes9k@bizjournals.com	hT1`ZyoxecV
philland9l@usnews.com	fY2%QRFe>_m
dscarborough9m@mediafire.com	yB2@fZu(b+t2
cburleigh9n@time.com	vT6~)e_.3
raguilar9o@liveinternet.ru	zF6&jx\U+9Ct
gskune9p@printfriendly.com	oW5/qjgW=3gA
dsandey9q@canalblog.com	pF6)rg4>`nEMb
etole9r@bbc.co.uk	pX7/_%yq{\0>Jx
erozenbaum9s@scientificamerican.com	cE5=w>WC
gfishlee9t@icio.us	zZ8(2e.W#
ctrew9u@blog.com	vT2($PD<z0YxF2{i
jskipp9v@google.fr	qQ6&p!0`,5C+lAB
gcoupar9w@ucoz.com	hZ9|!4Yc3fzX
lspillane9x@slashdot.org	"gL3$R6D""Rj0("
pminillo9y@elpais.com	bZ8}~{.a
mlennon9z@tamu.edu	yT1%#EKpK~WA
nlondorsa0@berkeley.edu	sA0#v>+{,ISeZ
scareka1@imdb.com	"dI4<N4)G""%"
cpellamonutena2@networkadvertising.org	"kS4~YxhPe""g{"
cverekera3@imdb.com	vN3<a?U6L
rkebbella4@homestead.com	xT8!AJyXY~|
hbelchambersa5@stanford.edu	aQ1\e#RLZ
lgorcha6@symantec.com	hH6~d=9C|6E_
hhobdena7@buzzfeed.com	lV9'dqKlwvBarsst
cjackmana8@liveinternet.ru	eY3_'S\5|tMbq>'
gsterlanda9@plala.or.jp	aT4/ePJHu@
amatthiaeaa@lulu.com	wZ5#H<G8z
ageallab@edublogs.org	tT1_(x*VALj,
sromeiac@hao123.com	rU8#s,UakF=
kkondratenkoad@shinystat.com	hR8\*,wWyLKB
apeppardae@simplemachines.org	"rG9/}mX/?""r.%&2\"
heccottaf@miitbeian.gov.cn	bI7.Lz#2qI(4@/
smailesag@istockphoto.com	qW6_I\w)`W9
fstanyonah@sourceforge.net	yV4.PR(`jn
echeesmanai@edublogs.org	"fR8!b""n\{8"
mrenacaj@hugedomains.com	xS2!V(c+K~x_\P_)
kboardsak@jigsy.com	dZ8|MZ.htO
ubalkwillal@techcrunch.com	cR5}pKddd#W.9
cdeblingam@blogspot.com	oL0,VkAaS/
amaccaigan@answers.com	wH4+=ff?
cgoldsteinao@e-recht24.de	kK2.YwU(.k)U
jcowap@free.fr	nA5!&))y&mzpRD
jbonhillaq@mail.ru	oA6\!xz06\
dhiblingar@mayoclinic.com	sS4}Q2~9IE}qB%%
ededdenas@ucla.edu	jH9,bM'F
jfitterat@huffingtonpost.com	rU8&BWVGq9Ao
ejordonau@wordpress.com	"yW6""yFY*%Ygc5I"
kmccuddenav@reuters.com	"tZ7*""IevqkWaOe"
smoorrudaw@sfgate.com	pQ5`{G9V`M
aansteadax@zdnet.com	jJ4/o6D+@|GnE
blillegarday@arizona.edu	"wQ3,Mhi""z(>"
dshenfischaz@arizona.edu	cX7=&&d<Tu?f
jiskowerb0@people.com.cn	uZ7#>UC0
rcrabbeb1@sitemeter.com	xQ1._k@C+'/?QF
chousbeyb2@amazon.co.jp	hT5{UAG>wd4
dcryerb3@mapquest.com	zO0*jq2Diwv$
hekeb4@harvard.edu	tX8){FMLx
lhenighanb5@last.fm	jX5,Q=Aqdl
tphalipb6@fastcompany.com	"xG7|%""z1"
pwhippleb7@addthis.com	uO2!X(9Oyx
gletchb8@shop-pro.jp	mY6=DSUdL
omeiningerb9@newsvine.com	iG5*o6pv0wl
nmcduallba@sogou.com	gF8+_NMl
hhallockbb@wordpress.org	"tP0#xDF(N~r9J""\"
wdorninbc@nydailynews.com	hH9#='u{o
amaeerbd@woothemes.com	sY2+bd=C`*'41aO
kscroggsbe@redcross.org	xG0,lrWl
ntaigbf@phpbb.com	aN8(&=$!
fjakovbg@smugmug.com	nY3%5%mL|
sliddybh@rediff.com	sT1'l`nSU
agorcebi@csmonitor.com	"uL4\""dY>54Fz"
areubensbj@wordpress.org	jA4+a+#|pNL{
pnoultonbk@blogs.com	uQ3!J*(vnpOn')Vi
gdewdneybl@amazonaws.com	bO2?vF9+/L}e@g
bwissbybm@goodreads.com	bT2+R9)oYvC.5SP
mgosforthbn@home.pl	"zK8""g~<5Ac%3O"
fverbruggebo@umn.edu	hM5@B6v%2g4a@4
spuckinghornebp@kickstarter.com	xG2\<5o4whnx9B
lciobotarubq@prweb.com	dX4<SSw1P*1=K{
dfransewichbr@about.com	iQ9&`p/tQ+i`
ccheakebs@archive.org	mK5`*|3jp3~Jd!T>
sbruinsmabt@stanford.edu	eU0|Xfq>
jpiscopobu@skyrock.com	hY5,1@B,BQ(CdajW
elaytonbv@amazon.de	kC7_%sUnax+6
yshearnbw@smugmug.com	bD1/26BWxpk7
ehugonetbx@mit.edu	qL1_6=.tPFL%
sbabalolaby@uiuc.edu	tD3$~I_Y
tbighambz@hostgator.com	uP0+zhn{GrF0
pplaskettc0@scientificamerican.com	xO5_ok/|n
hramc1@digg.com	bL5>{p?,#Y{'_Vr
apogec2@webs.com	qN4(R63<
pbruntc3@blinklist.com	qO3>DE5Ouwr7znt'
jbattissonc4@google.es	jP1=IIdR*S#F.R\
ageertzc5@vimeo.com	iS3=LRPA1`vn_
rmarchbankc6@deviantart.com	fQ8.L,$CK1sBN!d>
sbuddenc7@com.com	"sE4(2""m&"
ktunec8@biglobe.ne.jp	tN2&|wbE_(=k&rX
eangerc9@archive.org	qX8.u*>Bl%
ckisarca@discuz.net	"rJ8$56(""Y)ja0"
cgoodhandcb@msu.edu	jY1$R}`(7oVb0@&
lattleecc@scientificamerican.com	vK6#l9Z){t5
oerdescd@weibo.com	zM6#vYgM+>
imitchinsonce@google.pl	bK1|D!8|6O
sphrippcf@opera.com	"kB0""GDt'd\$>"
jportcg@instagram.com	zM0{\E+7+Y8'
jlagnech@jugem.jp	oR9+g1qm_@1Y}mp%
gaisthorpeci@blogtalkradio.com	"cZ7""*<PVvdBS1T)"
jtrowsdalecj@stanford.edu	uY9*pVfW!oSR)2$y
wburrettck@digg.com	uH8!h!qd5
cgiacubbocl@harvard.edu	nS1|L`{O#+RZSJH,
socklincm@chronoengine.com	xS2@gT1{m_e=8u
rwoodercn@dropbox.com	gP1/Ev{<u
pluppittco@japanpost.jp	dJ5&Y7i?7&
dbayntoncp@1688.com	qB1.W1\_LYzd
gguyancq@china.com.cn	cC9$1LwujYhWQRM
akenfordcr@dedecms.com	dH9\nP|z{Am_y
njancikcs@loc.gov	vS2?e~7C'4i*eF
hbeecraftct@deviantart.com	gD2}GMgNI$Emi
bmathoncu@topsy.com	cB6$CfXsUhT
igaytorcv@soup.io	oC3?2U_t
vmattasercw@pen.io	fM9,X,K3
wmobberleycx@tripod.com	hO3(@ylNr
bcorrincy@rambler.ru	qN0!}`j`9h
esprullcz@harvard.edu	cK7,y2zkmib
csphinxed0@omniture.com	lO3~u$Aiv\{\j@@
omoodied1@thetimes.co.uk	zJ8*J\/9Bra>o
sarnowiczd2@weibo.com	oY6$Bq>(|w
ejumpd3@mac.com	hN9$N|}B>8eZSYth
pallsopd4@slideshare.net	xU0{fW%/u3
dglazzardd5@hud.gov	hE5{P62A5(.)('u
nasletd6@vkontakte.ru	nA3#QeEGVE5`|c+L
smunganed7@cpanel.net	rI7@{}Mw5.o'c=.R
kburkind8@mozilla.org	"vF3$FYy""f}=S|G"
amouldd9@apple.com	kU0@9GJ{W5d/nzu|
ameadwayda@apache.org	xL5!GSoEwq8
gjurekdb@eepurl.com	zB0*YCG//}
rbenkindc@auda.org.au	tN0'\JEB|8
dbillsdd@blog.com	gR2&Qi7ahvy'`R
dmaytomde@fastcompany.com	uU0%NX,TsL*p<
grolinsondf@pcworld.com	aZ7`_{Fv#y.6qWJE
vaveyarddg@mit.edu	cK8>AH._\Dx(<3%
shelversendh@indiegogo.com	cZ0${7g!b
ebaiyledi@sbwire.com	vB0$/=qI/8C%#ty
lwheelhousedj@buzzfeed.com	yR5/BKbqMvHur%
llebretondk@jalbum.net	nD0<Xz0=p1wP
cboatrightdl@free.fr	iE3{<ten+
rgranvilledm@google.fr	jL8\q7TpLW_xva/
tbrownsalldn@bbc.co.uk	wD0='@c7*'
rsmalcombedo@blinklist.com	mM3&5i=@8+rm@T}
wogeneaydp@blinklist.com	qF7.E|n.fNq(VO
ndoorlydq@merriam-webster.com	eM3<~AxlNX+O/
bohmdr@squidoo.com	sN0@#n_=_*~??4
wbrouardds@nbcnews.com	vJ9%!$93tA
bcoutharddt@forbes.com	dN2'3M7BBmeu4
kflintoffedu@jiathis.com	mN4<ttqS
tgilbertsondv@opensource.org	tH1//FjW~
cjobeydw@comcast.net	kN0)6gY+l?U/uB
thasemandx@e-recht24.de	qD9`ajy<ks*,.
bmoycedy@ustream.tv	nP8!j_<)`WTUJ#
jmeasuresdz@cbc.ca	sX7@9b|9N>ETN%
gbilame0@cdbaby.com	sX7`fJ`X|I~S~R
jkeareye1@booking.com	oW1\aZlwzs
ebye2@sina.com.cn	wN0'kEAWr>f
rcallise3@csmonitor.com	zN9?05sAL
ddeandisiee4@hugedomains.com	lF1_Gk/q#pqlR
ncaustice5@tripadvisor.com	xO1`lH%/x
wblaszkiewicze6@indiatimes.com	iH3=~XBY2<fL'k>&
hskeene7@sina.com.cn	cO9.\GIm
jesleye8@tripod.com	eM9.4slbZ
ltilioe9@biblegateway.com	qK9`(@LNK
fgwionethea@reddit.com	uW6~bk'Hb>
obrigginshaweb@ucoz.ru	zY2\'`IB}zv>
slyptritec@feedburner.com	yH6+@XAQY
frobertsed@slate.com	hJ5(Zb*7sZshk%7!
wpuddingee@tuttocitta.it	lH7}@X{k@8I\Z
dpeachmentef@epa.gov	bC5$3|Nu87
mellcockeg@shop-pro.jp	tM4`SEW3VRhff
hcreffieldeh@odnoklassniki.ru	jQ8`j)+%MIP$BGP,
vbuckthoughtei@jiathis.com	hT6~E*ZZXR4*\
ksomervilleej@google.ru	jZ7+PMg9
sklynerek@hp.com	xC8@9aw`R.oB3&D
whebsonel@boston.com	dR6$RJ,6Mw=sK
pblomfieldem@hostgator.com	yK6(FMRJo~7V/e_|
fdablinen@friendfeed.com	vL6@2NmuV
tpreeo@e-recht24.de	aQ8}/rmp6vv4az@
uhasslocherep@facebook.com	"kU5""*VAc2s"
nnovotnieq@php.net	hE7)6Nr.4OgWld
salejandreer@phoca.cz	bU8@8HEQ&FCQCy
wmoresbyes@answers.com	cK2~)2t'0c}u
dpevsneret@google.pl	bZ8%l+2x,4
vworboyeu@cafepress.com	lP1>+2/FChc
rkrahlev@mapquest.com	uW9,#h'%5D
ksnaddenew@umich.edu	sB3`5e47pLX
eferrarinex@wp.com	rZ0?r>%!T9)
gtoulchey@house.gov	yF8)<{9`
aseverwrightez@wufoo.com	qM7.U0m.3<H
aeilertf0@loc.gov	eB4#qGT1
lharnerf1@linkedin.com	qO8.(cy+`S
tinstonf2@deliciousdays.com	wI6@J'uN
rbearblockf3@csmonitor.com	"gW4=m""kJNyfsL#"
kfacerf4@miitbeian.gov.cn	eM2?Cc,&
wwindf5@pen.io	fJ9{_c$dMD6<%|
uconstantf6@a8.net	iC1,jKW6Y'2.EY
rgritlandf7@technorati.com	xK5=0<1Xu|N`K
acasswellf8@pinterest.com	bF6'o(KB`V)=(0<0
amessierf9@jalbum.net	zX4.+zJW)G)
tsawkinfa@upenn.edu	hS5+!RGW
adragonettefb@reddit.com	jK2+ACsa>Q'?iB
eevennettfc@rediff.com	mP0/NgI\nGXNnE#D
knialfd@disqus.com	rO1}O|S6DM
jgluyasfe@tripod.com	"jG8""wJqwNZ1Z("
vrigneyff@geocities.jp	"zT7~<aTTI""ks"
msigginsfg@studiopress.com	xS1#mBe7X<NM#o+
macunafh@icq.com	zF2(}+RPvtrQ0KRW
aregenhardtfi@dot.gov	hG0@T=nR
rlagofj@liveinternet.ru	uS7'K#b*OsD0*0lp
dchristoffefk@liveinternet.ru	iQ2_8t2qRSL
rwaistellfl@who.int	yE4'3vGQDCKVhi
mgiuronfm@vk.com	dA0,h6K,,_AuH8Yo
iphiferfn@washington.edu	lB8(+}Pb`
sshureyfo@etsy.com	tG2?6Q+Yz$
erobillardfp@illinois.edu	gS4/o5le
cemerfq@bing.com	"mS1#@!TRp""(#G"
mwoodwindfr@acquirethisname.com	"oC5""sj%w~4wf3W"
gyantsevfs@telegraph.co.uk	hG5?d_!Iz(
bpoleft@chicagotribune.com	tP7&O,FxobgA3os
thansomfu@mysql.com	sP9}`#yxjqK
hwinchcumfv@gov.uk	hQ4&=Ufn7.0KW
gcopesfw@chron.com	vY9(?Z6~o9nyFR=
eelmhurstfx@tumblr.com	lQ9,Km3<47.2Fg
etottmanfy@squidoo.com	mU3$~JyiM#kZ#8
bpartletonfz@amazon.de	vN7(aQkN9aSQ+Vy
jfochsg0@liveinternet.ru	xX6<Fz>S#xNcY
nsaxong1@fda.gov	nA5\B6n`,\Fq?e
toakesg2@ning.com	oQ2*_Tb=(ISq<s0g
mloughling3@cbsnews.com	"eZ3`wea>vB+(3""\_"
mhealingsg4@lulu.com	iH4|jo,G
cbegbieg5@apache.org	eF7#/Mg+9P
aamissg6@mozilla.org	"bM8""3Q$6w."
rkardosg7@vk.com	kA2%\e$w45
lchippindaleg8@altervista.org	uG4>I7mD|iEZ=UP/
aroblettg9@github.io	mS0/d8@uYhC
jgreenmonga@tuttocitta.it	yA9}EVP'|t8N>
rburnhamgb@guardian.co.uk	lL6(tHUPf@Xv.tgg
klatheygc@yahoo.com	bL1{be?8~ASU
apinchingd@si.edu	mF5{}q!G6}s
dcushge@dailymotion.com	tE7|\L/@M\xBQxn>
lduinkerkgf@intel.com	vL9*GR$X'~WR
aattridegg@irs.gov	"pO8(>u""4&n"
lfurbankgh@ehow.com	"vJ8!BU""xAd+MkTK"
jpolegi@indiatimes.com	pI7~bv8w@+JrUk
lcrichmeregj@ed.gov	"sV5.""LT5x?"
smacleesegk@gravatar.com	"rG5(CWL98D?~"""
tdowtrygl@yahoo.com	jK2'Y0@f
ijocicgm@uiuc.edu	iT7!{090IN
jsimoniangn@last.fm	qJ2?T~{>
acollcottgo@smh.com.au	rI8>5`?pU'PZ_&Tz
psimmansgp@tuttocitta.it	wO3~4=C9DY
mgeorgeaugq@msn.com	fX8+!@jK)o+
tallcorngr@techcrunch.com	bP3`)7vmGlZT
smulberrygs@epa.gov	aV2|cG8zQcGy
abysouthgt@pbs.org	vH8~o)+v9M2TNAl
awarnegu@usgs.gov	pF9>00#7fVWhAX
boatleygv@liveinternet.ru	wC6|%Rt%JSBh/K
dphilotgw@archive.org	wF3=wFF|})G
rwhitseygx@guardian.co.uk	"iA3""Y""`Rv{"
gkarlqvistgy@latimes.com	tS1>b._SX?}O
bogusgz@clickbank.net	kE8`udHuIl=&t5b`
jredwoodh0@skyrock.com	kW3~Hxz,CV
yarnlih1@globo.com	pE4.f(KVs{FR
fmacallanh2@quantcast.com	iT0.lOZ5UyH
etanswillh3@godaddy.com	bU5&U|{@LXMUMhO!
ehalleyh4@cbsnews.com	bG8.sb%3xt'?j
btruemanh5@last.fm	nH9\A)3TJ|S
ecopplestoneh6@java.com	tX6)u)<\1i1}EgwQ
msmouth7@utexas.edu	tA6\qPi5n
ablaaseh8@icio.us	rB5?MHoifH
kainscowh9@intel.com	qI0)wqK99
jscathardha@wikimedia.org	dV8?LUt.%
jgarrhb@google.cn	zU6?&P)=b#)5s
cescoffreyhc@omniture.com	oJ5.\0A<A#')n3
eshakeladyhd@imageshack.us	sU2&zU~b
kgarroldhe@wsj.com	fX2./Aw\@\{@
crushfordhf@bbc.co.uk	yU2&o<zARH502
mdomicanhg@shinystat.com	"aT5!AM~{m}""Qo"
eseggeshh@webnode.com	kZ0=NU7Lv0
lwoolfitthi@ucoz.com	cR6>)NEk'++0=WR
ischruyershj@bizjournals.com	pK3+4>5s<C4brwMy
kfaircliffehk@artisteer.com	fB0&w$_}<,4(Y0p
wbrignallhl@baidu.com	kS5{4\RllM.X
ejorckehm@alibaba.com	"pV7_Z""%M1MkI`1wA"
aodamhn@sun.com	gZ6&my9b`C,#
idewho@adobe.com	uA5~G{%GQWk
gworrellhp@blinklist.com	cQ5?@U+J@KV%d
ahandoverhq@hubpages.com	rC4|66fpN0{pB+
araschhr@businessinsider.com	"dI4""`UT.=Oq9uT7C"
lmosbyhs@auda.org.au	dH6<l#i'}D
pwatkinsht@barnesandnoble.com	dN1)@Kgj
arosebladehu@ustream.tv	yG2}!cq@i
dcorkitthv@de.vu	aJ9|=69B~O\fbCc7
jwestcotthw@cbc.ca	kB7>S9hM8
rcissenhx@flickr.com	jE0~CHk`L
rlabonehy@who.int	wB3$u!K'B8?8lt1
ctrimmellhz@newyorker.com	tL9&Eu&$Hv8
sgillitti0@pinterest.com	pT5?*qd=_i`gJe!&
mbiddlecombei1@addthis.com	mY6<Klwg
joxtarbyi2@miitbeian.gov.cn	aG6|#Mc6nFV
gfaradayi3@vimeo.com	qF2%3HlO2_?o
glanneyi4@nih.gov	tG2<IDMj
nrewani5@shareasale.com	qJ6&dz9~0we
vdongatei6@gov.uk	wN3>$>Ho
aasplingi7@addtoany.com	bF2\hunI@Mco
wdoddemeadei8@spotify.com	sO0}Sjx#C!>>%h
dburnhilli9@theglobeandmail.com	tN6*/6KDXJ{6q.T_
fheightonia@xing.com	zF3>OW2nog@ZGhtE
dmattecotib@trellian.com	iD1{.NDSLS&u_WxV
dmayersic@devhub.com	lP5`KYW3|f
vgeallid@youtu.be	"sC1&@N$})s""T6~Z"
bdepperie@sciencedirect.com	"pX5""v0gvb""S2a&_z"
aearlyif@usgs.gov	tG5+mxask&lr'c
ldruhanig@bbb.org	kG8?*Ne}*|'*H!C4
thilhouseih@nps.gov	sG3)FKoiB
jkennerleyii@webmd.com	sW7\G0!?(Sk4
bslingsbyij@yolasite.com	uC1\+%7m2$7MvI
mebdenik@disqus.com	oB7%<5V)G)Z>Mu&
smerryil@japanpost.jp	gO8`q,aN9xFub'a
gleahyim@issuu.com	dU5*HnkC/f'
fpeartonin@slashdot.org	bK5`{BpU5}q#x
mguyio@businessinsider.com	yZ0*6NvarvV
nvenediktovip@ovh.net	rR2&IQh+$
kcantosiq@paypal.com	nZ8.?XKZFvA
mlillymanir@businessinsider.com	xS2,#vra/4QOC}
jmeldingis@google.de	xU9(KKs(
gmeaseyit@digg.com	tR9~wanWe@aB*g~
hpougheriu@seesaa.net	jB2,1eVcEJ\
aredferniv@ehow.com	"dX0|,nM<!N""7%DaX"
osouteniw@gnu.org	qY8<LF|~PI{
bcannix@xinhuanet.com	zV6)XPa8p{
nbarnsdalliy@squidoo.com	dX8)q#b?,
ssorrelliz@github.com	cC8{Q=xr
cswatridgej0@barnesandnoble.com	qP9$K9AN+\}8D9A
lmewj1@ted.com	mU1'UPyIm_fL
cfrenzlj2@cdbaby.com	pE6}KUbO
ncaffreyj3@rediff.com	yX7)7!ifRLr
adunsmorej4@ted.com	"tI6`Zti9""'"
nstegglesj5@ed.gov	vK9'3185@PT
mocurranej6@marriott.com	hL5*%!~3nrHYklKG
dgrandissonj7@1und1.de	wS3>LQQb4J
arumblej8@techcrunch.com	iX0@<&ld+b5(7f8
kgarroodj9@illinois.edu	fA2(c1y%5K~.p
sneildja@ovh.net	aW8\Amup9@(f?J=
hstickleyjb@illinois.edu	hN7+!wY_T9R
alabronejc@oracle.com	yC7,{#@Q\
saikinjd@aol.com	oT0}F=$lv%
dharcombeje@google.ru	xV8,O{j4K@8AY|V*
dschoolfieldjf@cnn.com	nS8$@q+L~o?0sX2w
hbecclesjg@plala.or.jp	"wJ1,TEy,BkyRw"""
jwestneyjh@disqus.com	vP6/Efb+&
rwoolbrookji@princeton.edu	tS7,NibR
gdraiseyjj@patch.com	qG3~rIg|
abradbrookjk@rediff.com	eB3,5%=ocbpXIFc
bockwelljl@go.com	sN0{D)\W.!7gz
ccorbyjm@psu.edu	aH7\zF+fTuhG<
jpawlatajn@adobe.com	xM2$Ob/18bSI>?jy
mfrearjo@phoca.cz	gR3.YrES/M)c?QmO
nlibrerosjp@seesaa.net	iL5)+L5eCkc08C.
abernlinjq@cyberchimps.com	qC6)n$>N4pW
pwandsjr@time.com	yG4.%z`qD
hhuddjs@eepurl.com	oH3+zpBi_M?Qp18S
gcroanjt@admin.ch	rX2/6#A,TDyZxIO
nmorecombju@people.com.cn	iG2\XKq(By
lcuniojv@discovery.com	qP2*=y)bE?unnq5E
dfolgerjw@ovh.net	fY7#USu<1i2{*
mvoakjx@java.com	"cE2""nEjTT}L"
rnanglejy@yandex.ru	cD8'uwaR=._Vl
amaslinjz@youtube.com	qC7(K's7
sbellringerk0@oakley.com	tT5'!8bX=
ebouettek1@hc360.com	yI4>(=u{3mQEJf
dkempsterk2@feedburner.com	qG7/pNJ=*
ptabererk3@ebay.co.uk	zX9=O=Hpu9HH9Ps{
mivamyk4@hc360.com	"iG8`""6PsJ"
clambertciorwynk5@homestead.com	vK9\!IIjj9
nmilburnk6@chicagotribune.com	iZ9,0m>R7.20
aewank7@webmd.com	bK7,s_Br)XTkJ
jlangshawk8@miibeian.gov.cn	fH5?a#gs)
gflindallk9@last.fm	fK9/>Qbw'4U}!Y
afolkeka@creativecommons.org	jT4,?Sw%+
cdrewkb@wikipedia.org	bT0=l?3&u.T>
bmargachkc@liveinternet.ru	qN4~UUlM>9JG$}
mtissingtonkd@smugmug.com	jO5>&4#(6r
adufferke@usatoday.com	qJ4$CMc{t
gmelbertkf@photobucket.com	dD6&CC#3c
cwhiskerdkg@desdev.cn	qT4\Ve.Dg@q._(6W
rbyrthkh@admin.ch	yI0.u9gmH
rgiffautki@gmpg.org	"aH4@bc""VW?"
jboormankj@un.org	tS4)yrn~1$C+a@
dswalekk@surveymonkey.com	"qZ4""Bqo`}E"
fspradbrowkl@ow.ly	sN5)){lP3
pbirniekm@spiegel.de	mQ2'p&Di0a&V
dloykn@ox.ac.uk	"vU3/%""?DRm"
bbleythingko@goo.gl	"iK2""\&.u"
pblodgettkp@4shared.com	fU1(\f*&l6$QaNE
vmclleesekq@whitehouse.gov	tH7.9(+3h+_xL7<q
mjancsokr@xrea.com	cH3>uR{\I%=K/)
cashfordks@desdev.cn	yM5~)c3|D
mantonescukt@miitbeian.gov.cn	dI4))fJ%6
kalvenku@reverbnation.com	qX8~.UQ/n
sdurnokv@google.nl	kD3)1(xg
lrigollekw@linkedin.com	"oK3'Cl""J"
mraddonkx@twitpic.com	yF7'&_WejP7$
ldallossoky@nature.com	rH5,F@YHxLL>i
sbroinlichkz@ucsd.edu	mV8%ExUUa)IsWwt
gsigginsl0@gizmodo.com	yB7?tOv5bZis
rgilkisonl1@free.fr	xQ6)uV22
ntumininil2@dailymotion.com	"bA4|&tn,LK#5""1"
ccowdrayl3@fc2.com	cB4}zva<+b@g}nj
jattwaterl4@ca.gov	dX3,u~6JQ6.`WxfX
ddederickl5@slashdot.org	bI0{?cH&`#<FY5{
tpashlerl6@linkedin.com	uQ4>)zXac
cboswoodl7@ft.com	"jV9=9mim#""!CTj?W"
phostanl8@princeton.edu	hL0>jl3I/5
dgisbyel9@tripadvisor.com	uI1`V6Q={0>\
irawlingsla@admin.ch	nJ2+Es1r?jV
wkeetonlb@eepurl.com	lL2>C9Hctn&e8!q
osauterlc@abc.net.au	zU7`q2o&l@x`%
jnolderld@npr.org	lH9?Hf.vqq($~7
nocorrinle@woothemes.com	aK6/`*.w)n5q
bbugglf@weebly.com	tN4.D8I@z&e5\
ocawtheraylg@patch.com	mD6&X1gb1DL6W7S
jpendrichlh@mlb.com	nJ2'nAo>KKd
gwilflingerli@cisco.com	mO0<*@!>
egahanlj@google.com	hG2,$q9A
jcaramuscialk@lulu.com	lR9`PTi}LR\Czt
amagnusll@blogspot.com	iU2.(\1P?5N
ahaygreenlm@jalbum.net	fO5&9>Y,LEfPWa{
cambrogioln@gmpg.org	"yJ9)""C#m~#YWwzD"
ptattershawlo@people.com.cn	xI8>I\p9c~utH
mivanchinlp@cisco.com	fU6+LcC2
pfissendenlq@weather.com	cA8&I8rIC,+Q~}
hfellowlr@homestead.com	"uL4$""!hXM"
laspinls@tamu.edu	nH1'z`?jWv
gwoodhamslt@newsvine.com	dO1'Xy=WAw,Wb
dduddylu@whitehouse.gov	uV1}H=~V
mpaskinslv@hubpages.com	lD5.kV#wOEC5`
wkelsowlw@hhs.gov	mZ1)ot?Gs
vsobeylx@discovery.com	jE1,x4xwD+TA
kcrookstonly@arstechnica.com	"vU6""WE""H"
kswinerdlz@prnewswire.com	uZ8\YNHtN6!Uity
esaggm0@census.gov	cE1%{cnSY0)G
rradinm1@shop-pro.jp	sL9\K1#(rD>v
blindenblattm2@zimbio.com	uO9%57`3>xP1A
mgomerm3@nih.gov	jC9%caXW7WGr5=%M
adanceym4@smugmug.com	kB2(yK!8X_~g/y$o
otootingm5@google.co.uk	fB8,s\NI+fevO)oK
rmcruviem6@businessinsider.com	eB7+@)j>a
tsterricksm7@icio.us	"wI9~""qyN"
echampnessm8@skyrock.com	dQ0+r\LLAYx6?4
bkeneleysidem9@seesaa.net	xV1~R2+r1
mmcvanamyma@imageshack.us	"qI9""mQ/NO6lVLu47"
kciccarellimb@uol.com.br	zU4}!n/,
crawlesmc@hugedomains.com	jV2$(4rd8|HeG~
awinchcombmd@i2i.jp	cX4_7`mutIf$HQ
kgiovannime@ask.com	eM3,xR61G!Duu
ibrigdalemf@angelfire.com	jM3_{`57zM&c
lkeenanmg@mapquest.com	"mE7""vhezVFGb"
amontesmh@soundcloud.com	zD7&l63S5E
ldairtonmi@vimeo.com	gS6\i_NWz
bpitrassomj@europa.eu	cU5}9dZD/z
npeakmk@netvibes.com	dZ7>Djc<ri
clippielloml@tmall.com	qL8(Kbo!#oJ}LxS
mdurdlemm@privacy.gov.au	jF2!DN,&
rallakermn@craigslist.org	sS3>n0tb>P
fmowsonmo@ox.ac.uk	eM6%5AIx\.<9y
krenshallmp@about.com	"vD4~""pBnh5"
aoglethorpemq@360.cn	oZ2|ECRmWC6
hbarlthropmr@usatoday.com	sR0~N/od
ccardwellms@dyndns.org	sQ1%TB\$kB#VC
acolummt@gmpg.org	dT2/+x5t
skowalikmu@amazonaws.com	uH3\%P!+
rvealmv@youtube.com	cL1{z0Hdat?we`+
nduferiemw@unblog.fr	fI3&d$17Av$
pdounbaremx@nature.com	dE0}Zf6}Sm!B5X'
apachermy@salon.com	eJ0})J\e2VRmI9
sbrogimz@gizmodo.com	jO2!j,\AEj
aaceyn0@ow.ly	qH9~Z2v,@
araffelsn1@samsung.com	oO1!QuRd
cduftyn2@pinterest.com	jQ9|tnD_i
oborhamn3@soundcloud.com	"nI6@N""8KZ"
bmatysn4@uol.com.br	lW9}l00M
mthorpn5@myspace.com	tV9$T<5nr%/K
kberkeleyn6@com.com	hL3(Mp+wU(nIiA
dbiglyn7@about.com	"oE2<y4""`Ex"
mgullamn8@sciencedirect.com	cU2|e9boAV(9
sizakovn9@oracle.com	"lR0""AaN/?Niakk"
blemaryna@npr.org	sV6!'#\wyzHiX
ffitternb@illinois.edu	sB1@D.EvS
lcoldmannc@blogs.com	"xG7""V%yI"
bucchinond@statcounter.com	wB0+UyH{Y
sfrantzne@techcrunch.com	hR9,6S`>7`y\+)|@
fwoolardnf@purevolume.com	zL6@P!He>N
ckellieng@networkadvertising.org	"qL5_X""1z"
kjoyseynh@army.mil	lQ4)#.*E!+xhhh
nmuslimni@github.com	zD6&h`e&z,k6RlC
zgouldstonenj@vinaora.com	kO4_87$y{jS
lferonnk@toplist.cz	wH2.P,3|RT
apellittnl@odnoklassniki.ru	aO7|*VVTS1U
rfehelynm@instagram.com	aJ3.oS#AdS\Ud
arainsnn@sohu.com	xS6}Q\1.?
acornewellno@dailymotion.com	sJ8.R3#%)<Wy
rpetznp@youtube.com	lJ5\LSS_@Zl
cdudmannq@behance.net	cE2_g_dK=wvQFL|
aorrittnr@clickbank.net	qT5'6R%l7!X
rhoodspethns@vimeo.com	"yA8=Ees#""W#x"
eswannient@tripadvisor.com	jO0.E?IK0`~bXu
lbaronnu@livejournal.com	gH1(2P@`j~WS)8V
sbradernv@sitemeter.com	lD0`\0bii88*
kquartermainenw@stumbleupon.com	hX0>7ahix(
etwelvenx@foxnews.com	aX4`CKe4kBj
tqusklayny@auda.org.au	yS6=z4J8>n
cfulmennz@paypal.com	yH1'RBpq
gisgateo0@wikipedia.org	mN0<E#{R37|AOf}d
bfoorto1@biblegateway.com	lP8}hpJm6Lse<
tmeiklejohno2@arizona.edu	nD0<({K*
csyddallo3@salon.com	uU9'QC9HB(Hk
ffranchyonoko4@delicious.com	eH2{X7M%wUY|I
csapsedo5@ebay.co.uk	cI4_N\UnQYym)iVG
raspelo6@simplemachines.org	xR7*rkoX<Z
spasticznyko7@msu.edu	sN6@Z6}Seq
wmorcombeo8@cmu.edu	lU2?\T<7~/5zX
esoustero9@w3.org	"pI4""nny!@GCr9!+Q"
enaperoa@seesaa.net	yK8$2)k\r)ce4?'y
gcorbittob@mozilla.org	zW8\oR60Zu
flemmonoc@walmart.com	mM1~tR6!<+=sx)t
tlereod@wikia.com	uL1<rmjb!vT<oec
measunoe@moonfruit.com	"qV8/3J""UXcP9!@"
mjeannotof@mozilla.org	xD8<(k6<2
inaisbitog@microsoft.com	eF9.)5#2U)ZF)9V
jsherrockoh@reverbnation.com	"yB1.""IinwgEl"
kgingedaleoi@netlog.com	pR0_G)7G@5}G
espinnaceoj@newyorker.com	qT6+FZTdN=.hl
bcodok@domainmarket.com	kZ0,>0n`1H4#*
amacpeakeol@youtube.com	lI2(cIw,JkERyLO
clascellesom@mashable.com	sH6%i=ag|Ne
esakinson@sogou.com	vZ7%}C3LUcNk?
gklimowskioo@engadget.com	iE0\w6wz%f|0hn5
dmccullockop@bigcartel.com	uD0~G~%&G
gchishulloq@cbc.ca	gG4<||O\pC#j~$
ggiacomazzoor@unblog.fr	vW7}G3P,zUY&
zmulleros@51.la	uF1$9u&Cr?c
fbehnenot@icio.us	wQ3&)w9Dis@+ZB=}
pgillottou@theguardian.com	iE4,h0n6FOAZ
hpiffeov@shop-pro.jp	fC2$RDokw
aubsdellow@nifty.com	uL6~V(Z5i#97
djanoutox@wunderground.com	hP8+~*eF)0
abucktroutoy@nymag.com	jG2#XC3V{0_*
cbaseyoz@usda.gov	bR1_&1jif.O21U}9
celsleyp0@examiner.com	lP8(Y%e29FKz|g
acarefullp1@github.com	xR7$r3fTw$8
cvassiep2@wired.com	jQ0\e3*m`i
razemap3@eventbrite.com	hA9'S@Rq#t#
ccommingsp4@newyorker.com	vX9>6+jj'+NB
fgodthaabp5@usa.gov	qU6!<O6v%~}{M
mpaskep6@twitter.com	nM5}.{89
ccowiep7@imgur.com	jV9|\_I8aZ|@!<
clockartp8@dailymail.co.uk	uZ7?D?u6
ogannawayp9@creativecommons.org	uB6\kdiCJLIo
uarckollpa@hugedomains.com	iA1'67H<1t$~c%x
rbeetonpb@123-reg.co.uk	dT6)cAvjQFPfFl=
bwearnepc@etsy.com	qK6+OIMVM
ksitlingtonpd@economist.com	pK9+Jd>1viX*
wshoutpe@samsung.com	gD6*Cr#D7
ucoopperpf@dion.ne.jp	rQ6+=oBl
acolliholepg@altervista.org	cF4'mk.55bVm
tberthodph@engadget.com	cZ3_W}3nt8!j
ccullitypi@wikia.com	wS6}xpBsvhscqbWF
ldorbinpj@eventbrite.com	dZ9>xFd'
mduchartpk@ibm.com	"aF9""Z6QA}=@!0A"
cgreallypl@github.com	"hS6,>,.=z""Nl_%Qg"
blisettpm@discovery.com	tP0%/cnX(
isutterfieldpn@ameblo.jp	xX8*<\tI.CJg@Msi
bdeplacidopo@ucsd.edu	yU7*k0h~wBj\|Q
cparagreenpp@cdbaby.com	kP8'=CEh
bmccarrisonpq@wordpress.org	qZ5>*@fxaf0Tjak
cmcenteepr@ovh.net	nL3`u<Bp
yminocchips@guardian.co.uk	uD0>))&omm!xs
ochoulertonpt@photobucket.com	mD6{H_}rj+V#\c
cvendittipu@omniture.com	dZ8?+J.|a5usuUP
ldecarteretpv@bandcamp.com	nW1#$4hI'G
bspantonpw@miibeian.gov.cn	sK2>&{HB
nklimashevichpx@chron.com	nX2@w)dB
obarnwallpy@foxnews.com	nN2{jxO*8=
obraffingtonpz@reddit.com	"jM0""c)V98OHre<"
wvianq0@webnode.com	qW2'a}!I
jdoldenq1@umich.edu	cR8&#bR)s@
bshallcrossq2@cisco.com	sJ2!MJow
koldknowq3@sphinn.com	"lS2.=%QF""'SR"
chullandq4@plala.or.jp	bS5,,Q`,ni
ejanaudq5@imgur.com	rY0~My2t{vT+J*v}
akoppesq6@google.com.au	gK2?\)JD
aeadonq7@nsw.gov.au	"sP5{,|?C4df""c>2"
fyanukhinq8@tmall.com	rF3$S7Kh1
bayliffeq9@google.co.jp	qX5.kB|E
blangtonqa@qq.com	mI1*/H1\A
cladburyqb@tinypic.com	qB0|VtmYt
fweerdenburgqc@salon.com	jX2_+.=q3'
kjudkinqd@skyrock.com	tO4{t>|CE0
aburnupqe@wikimedia.org	sC6|IPg{goyP?H4u
hmetschkeqf@mediafire.com	vR0'M7&xSr_n6,Dp
tbirtleqg@360.cn	wF7=Wq+=t.(FNNl
aparnallqh@vk.com	oS3/uTSS)
vhakenqi@baidu.com	rS4,LT6x|6yJr
dfilchaginqj@un.org	hB4%unUM3EEGNg
meveringtonqk@sohu.com	bF9|C{rqq.o
zgarzaql@pen.io	fT6<w}#,
wblowerqm@flavors.me	bB9@3)m9
ywykeqn@istockphoto.com	"vE2'.EX@mH|""`3"
ukeelanqo@plala.or.jp	qZ0&e,Nu
bdeleaqp@harvard.edu	gU9{m_&c>2Z
gtonksqq@plala.or.jp	bY4/ff}Co
rforrestillqr@tamu.edu	sQ6>B=NN=K
pdankoqs@redcross.org	"sW7""Q~a0ksKFzi"
jmainwaringqt@yandex.ru	uS5`{gnGL<(Po5Ip
etoraldqu@amazon.de	nB8(yP+P`7
lconnerryqv@businesswire.com	yK3,Bhz`3l&~&
kmulhillqw@theglobeandmail.com	tI9,uH/g{,N@|
kgrigoireqx@state.gov	"eO9@+""J9F=3"
mwimbushqy@dailymail.co.uk	mL1`3Pjk
hgiorgioneqz@rediff.com	"cC9""0Lv7LuTo@"
lcookesr0@google.com.br	cT4@wWI_py#b
bchallacer1@aboutads.info	aE8\<PkjcwX1L4
nrichardinr2@youku.com	iV7/&$QwvZSG
hlamymanr3@cnet.com	oN6+T_ZfBe&
frayhillr4@vk.com	oP4(|AZB{D)5q#
acaruthr5@tinyurl.com	pZ2{'AG}`ClH
ssparker6@aol.com	cW6@u%T>3S(|a
kdennisr7@sina.com.cn	zL1.A(mmx4O
cpendrighr8@webeden.co.uk	vE2|5VH3j<<2Hc,(
tcharrissonr9@zimbio.com	eJ8|XAxW
tcurranra@rakuten.co.jp	pG1*O/.oHxK
ibourrb@fema.gov	hB4$z%H@gMBX
kgossipinrc@histats.com	yH9_cj$M
msalergrd@github.com	jD2!1r>y
bheggisonre@live.com	dB0(Pn3`0MiJyrwY
bvalentinrf@goo.ne.jp	wE9{pQ!wej3qU.
aberryclothrg@scientificamerican.com	wA7(rEYZ
bpletrh@google.com.hk	kQ3#.m/(6Nlfa>l
mturnorri@themeforest.net	qP8_*(ML744
rparfreyrj@ning.com	yH2(#!eOIQ+RK8
clinnitrk@thetimes.co.uk	yR0?Z|FljulB3}
pshowalterrl@paypal.com	"yH1{`NN3SN_(0""nE"
ncapronrm@arstechnica.com	wZ3*f`V=???kLYV
sbaszkiewiczrn@booking.com	uT4%VohLH*(kL%&
hchidlerro@spiegel.de	yN8`*Tcp
chuniwallrp@eventbrite.com	cM4_4z(rd5La
kreadshawrq@marriott.com	xE7\RFQZoP(
bmceloryrr@instagram.com	pH2)I~nk)LnXw
